fiscal_year,commodity,state,cumulative_qty_mt,cumulative_val_inr_crores,source_file
2020,Limestone,Andhra Pradesh,8889845.0,63438.0,10202014112847msmpmar14_19_Mineral Production ( Mineral.pdf
2020,Limestone,Chhattisgarh,5.0,6.0,10202014112847msmpmar14_19_Mineral Production ( Mineral.pdf
2020,Limestone,Gujarat,2968046.0,26071.0,10202014112847msmpmar14_19_Mineral Production ( Mineral.pdf
2020,Limestone,Jharkhand,564806.0,1861.0,10202014112847msmpmar14_19_Mineral Production ( Mineral.pdf
2020,Limestone,Karnataka,3026179.0,21132.0,10202014112847msmpmar14_19_Mineral Production ( Mineral.pdf
2020,Limestone,Madhya Pradesh,5310552.0,35536.0,10202014112847msmpmar14_19_Mineral Production ( Mineral.pdf
2020,Limestone,Maharashtra,1681264.0,11924.0,10202014112847msmpmar14_19_Mineral Production ( Mineral.pdf
2020,Limestone,Odisha,1411815.0,3912.0,10202014112847msmpmar14_19_Mineral Production ( Mineral.pdf
2020,Limestone,Rajasthan,9109507.0,52540.0,10202014112847msmpmar14_19_Mineral Production ( Mineral.pdf
2020,Limestone,Tamil Nadu,5129212.0,26442.0,10202014112847msmpmar14_19_Mineral Production ( Mineral.pdf
2020,Limestone,Tamil Nadu,28481.0,192151.0,10202014112847msmpmar14_19_Mineral Production ( Mineral.pdf
2020,Limestone,Tamil Nadu,60.0,105.0,10202014112847msmpmar14_19_Mineral Production ( Mineral.pdf
2020,Limestone,Karnataka,21747.0,11495.0,10202014112847msmpmar14_19_Mineral Production ( Mineral.pdf
2020,Limestone,Tamil Nadu,314336.0,160450.0,10202014112847msmpmar14_19_Mineral Production ( Mineral.pdf
2020,Limestone,Gujarat,255909.0,4240183.0,10202014112847msmpmar14_19_Mineral Production ( Mineral.pdf
2020,Limestone,Tamil Nadu,8925.0,96826.0,10202014112847msmpmar14_19_Mineral Production ( Mineral.pdf
2020,Limestone,Andhra Pradesh,46226.0,1176813.0,10202014112847msmpmar14_19_Mineral Production ( Mineral.pdf
2020,Limestone,Gujarat,83.0,200.0,10202014112847msmpmar14_19_Mineral Production ( Mineral.pdf
2020,Limestone,Andhra Pradesh,19213.0,97581.0,10202014112847msmpmar14_19_Mineral Production ( Mineral.pdf
2020,Limestone,Gujarat,859.0,4690.0,10202014112847msmpmar14_19_Mineral Production ( Mineral.pdf
2020,Limestone,Madhya Pradesh,13500.0,55445.0,10202014112847msmpmar14_19_Mineral Production ( Mineral.pdf
2020,Limestone,Rajasthan,449238.0,1676067.0,10202014112847msmpmar14_19_Mineral Production ( Mineral.pdf
2020,Limestone,Andhra Pradesh,1260.0,176.0,10202014112847msmpmar14_19_Mineral Production ( Mineral.pdf
2020,Limestone,Madhya Pradesh,136196.0,207768.0,10202014112847msmpmar14_19_Mineral Production ( Mineral.pdf
2020,Limestone,Maharashtra,881.0,714.0,10202014112847msmpmar14_19_Mineral Production ( Mineral.pdf
2020,Limestone,Odisha,4914.0,0.0,10202014112847msmpmar14_19_Mineral Production ( Mineral.pdf
2020,Limestone,Rajasthan,235.0,7697.0,10202014112847msmpmar14_19_Mineral Production ( Mineral.pdf
2020,Limestone,Jharkhand,806.0,58562.0,10202014112847msmpmar14_19_Mineral Production ( Mineral.pdf
2020,Limestone,Andhra Pradesh,198503.0,893670.0,10202014112847msmpmar14_19_Mineral Production ( Mineral.pdf
2020,Limestone,Gujarat,24145.0,164462.0,10202014112847msmpmar14_19_Mineral Production ( Mineral.pdf
2020,Limestone,Jharkhand,6448.0,42474.0,10202014112847msmpmar14_19_Mineral Production ( Mineral.pdf
2020,Limestone,Karnataka,22774.0,6931.0,10202014112847msmpmar14_19_Mineral Production ( Mineral.pdf
2020,Limestone,Maharashtra,6794.0,17475.0,10202014112847msmpmar14_19_Mineral Production ( Mineral.pdf
2020,Limestone,Odisha,4527.0,7720.0,10202014112847msmpmar14_19_Mineral Production ( Mineral.pdf
2020,Limestone,Rajasthan,49148.0,173448.0,10202014112847msmpmar14_19_Mineral Production ( Mineral.pdf
2020,Limestone,Tamil Nadu,14878.0,21367.0,10202014112847msmpmar14_19_Mineral Production ( Mineral.pdf
2020,Limestone,Andhra Pradesh,165519.0,221885.0,10202014112847msmpmar14_19_Mineral Production ( Mineral.pdf
2020,Limestone,Jharkhand,436.0,30771.0,10202014112847msmpmar14_19_Mineral Production ( Mineral.pdf
2020,Limestone,Karnataka,6370.0,10000.0,10202014112847msmpmar14_19_Mineral Production ( Mineral.pdf
2020,Limestone,Maharashtra,51976.0,55117.0,10202014112847msmpmar14_19_Mineral Production ( Mineral.pdf
2020,Limestone,Odisha,30426.0,26818.0,10202014112847msmpmar14_19_Mineral Production ( Mineral.pdf
2020,Limestone,Rajasthan,1256.0,4489.0,10202014112847msmpmar14_19_Mineral Production ( Mineral.pdf
2020,Limestone,Andhra Pradesh,254017.0,2128989.0,10202014112847msmpmar14_19_Mineral Production ( Mineral.pdf
2020,Limestone,Gujarat,73408.0,869926.0,10202014112847msmpmar14_19_Mineral Production ( Mineral.pdf
2020,Limestone,Karnataka,57687.0,102854.0,10202014112847msmpmar14_19_Mineral Production ( Mineral.pdf
2020,Limestone,Maharashtra,80136.0,278138.0,10202014112847msmpmar14_19_Mineral Production ( Mineral.pdf
2020,Limestone,Rajasthan,263490.0,626336.0,10202014112847msmpmar14_19_Mineral Production ( Mineral.pdf
2020,Limestone,Tamil Nadu,12846.0,10916.0,10202014112847msmpmar14_19_Mineral Production ( Mineral.pdf
2020,Limestone,Andhra Pradesh,216617.0,1874624.0,10202014112847msmpmar14_19_Mineral Production ( Mineral.pdf
2020,Limestone,Madhya Pradesh,6345.0,0.0,10202014112847msmpmar14_19_Mineral Production ( Mineral.pdf
2020,Limestone,Maharashtra,29693.0,750877.0,10202014112847msmpmar14_19_Mineral Production ( Mineral.pdf
2020,Limestone,Rajasthan,803.0,0.0,10202014112847msmpmar14_19_Mineral Production ( Mineral.pdf
2020,Limestone,Andhra Pradesh,15916.0,142617.0,10202014112847msmpmar14_19_Mineral Production ( Mineral.pdf
2020,Limestone,Karnataka,31496.0,546026.0,10202014112847msmpmar14_19_Mineral Production ( Mineral.pdf
2020,Limestone,Madhya Pradesh,4629.0,519521.0,10202014112847msmpmar14_19_Mineral Production ( Mineral.pdf
2020,Limestone,Maharashtra,28738.0,347393.0,10202014112847msmpmar14_19_Mineral Production ( Mineral.pdf
2020,Limestone,Andhra Pradesh,29293.0,85117.0,10202014112847msmpmar14_19_Mineral Production ( Mineral.pdf
2020,Limestone,Gujarat,403.0,2626.0,10202014112847msmpmar14_19_Mineral Production ( Mineral.pdf
2020,Limestone,Madhya Pradesh,901.0,140.0,10202014112847msmpmar14_19_Mineral Production ( Mineral.pdf
2020,Limestone,Rajasthan,744080.0,766742.0,10202014112847msmpmar14_19_Mineral Production ( Mineral.pdf
2020,Limestone,Tamil Nadu,384.0,991.0,10202014112847msmpmar14_19_Mineral Production ( Mineral.pdf
2020,Limestone,Rajasthan,708.0,7577.0,10202014112847msmpmar14_19_Mineral Production ( Mineral.pdf
2020,Limestone,Andhra Pradesh,3588.0,6474.0,10202014112847msmpmar14_19_Mineral Production ( Mineral.pdf
2020,Limestone,Tamil Nadu,4930.0,1373.0,10202014112847msmpmar14_19_Mineral Production ( Mineral.pdf
2020,Limestone,Rajasthan,157047.0,145667.0,10202014112847msmpmar14_19_Mineral Production ( Mineral.pdf
2016,Limestone,Chhattisgarh,161.0,157.0,10252016172810MSMP_March2016.pdf
2016,Limestone,Andhra Pradesh,134.0,100.0,10252016172810MSMP_March2016.pdf
2016,Limestone,Odisha,20.0,648.0,10252016172810MSMP_March2016.pdf
2016,Limestone,Madhya Pradesh,5240.0,5.0,10252016172810MSMP_March2016.pdf
2016,Limestone,Gujarat,7.0,3.0,10252016172810MSMP_March2016.pdf
2016,Limestone,Tamil Nadu,7091.0,7074.0,10252016172810MSMP_March2016.pdf
2016,Limestone,Andhra Pradesh,17676427.0,17160530.0,10252016172810MSMP_March2016.pdf
2016,Limestone,Chhattisgarh,192132705.0,231526617.0,10252016172810MSMP_March2016.pdf
2016,Limestone,Gujarat,116177253.0,121797803.0,10252016172810MSMP_March2016.pdf
2016,Limestone,Jharkhand,206484307.0,218742234.0,10252016172810MSMP_March2016.pdf
2016,Limestone,Karnataka,44750576.0,63551874.0,10252016172810MSMP_March2016.pdf
2016,Limestone,Madhya Pradesh,152398152.0,129875477.0,10252016172810MSMP_March2016.pdf
2016,Limestone,Maharashtra,75061845.0,78450512.0,10252016172810MSMP_March2016.pdf
2016,Limestone,Odisha,322957436.0,289677755.0,10252016172810MSMP_March2016.pdf
2016,Limestone,Rajasthan,254713878.0,254512659.0,10252016172810MSMP_March2016.pdf
2016,Limestone,Tamil Nadu,70743906.0,72151566.0,10252016172810MSMP_March2016.pdf
2016,Limestone,Andhra Pradesh,10067545.0,9090785.0,10252016172810MSMP_March2016.pdf
2016,Limestone,Chhattisgarh,135446017.0,139855400.0,10252016172810MSMP_March2016.pdf
2016,Limestone,Gujarat,107508206.0,115106687.0,10252016172810MSMP_March2016.pdf
2016,Limestone,Jharkhand,188450673.0,193135100.0,10252016172810MSMP_March2016.pdf
2016,Limestone,Madhya Pradesh,137073625.0,111478200.0,10252016172810MSMP_March2016.pdf
2016,Limestone,Maharashtra,67134691.0,67045400.0,10252016172810MSMP_March2016.pdf
2016,Limestone,Odisha,178117761.0,158984300.0,10252016172810MSMP_March2016.pdf
2016,Limestone,Rajasthan,175480198.0,183151451.0,10252016172810MSMP_March2016.pdf
2016,Limestone,Tamil Nadu,64526545.0,65334309.0,10252016172810MSMP_March2016.pdf
2016,Limestone,Andhra Pradesh,571887.0,1021101.0,10252016172810MSMP_March2016.pdf
2016,Limestone,Chhattisgarh,50018575.0,86574032.0,10252016172810MSMP_March2016.pdf
2016,Limestone,Gujarat,4182952.0,2392149.0,10252016172810MSMP_March2016.pdf
2016,Limestone,Jharkhand,17514868.0,25229041.0,10252016172810MSMP_March2016.pdf
2016,Limestone,Karnataka,40396223.0,59724653.0,10252016172810MSMP_March2016.pdf
2016,Limestone,Madhya Pradesh,8295414.0,10692344.0,10252016172810MSMP_March2016.pdf
2016,Limestone,Maharashtra,5625538.0,9026263.0,10252016172810MSMP_March2016.pdf
2016,Limestone,Odisha,143327083.0,129310849.0,10252016172810MSMP_March2016.pdf
2016,Limestone,Rajasthan,62535533.0,54988812.0,10252016172810MSMP_March2016.pdf
2016,Limestone,Tamil Nadu,14877.0,44594.0,10252016172810MSMP_March2016.pdf
2016,Limestone,Andhra Pradesh,7036995.0,7048644.0,10252016172810MSMP_March2016.pdf
2016,Limestone,Chhattisgarh,6668113.0,5097185.0,10252016172810MSMP_March2016.pdf
2016,Limestone,Gujarat,4486095.0,4298967.0,10252016172810MSMP_March2016.pdf
2016,Limestone,Jharkhand,518766.0,378093.0,10252016172810MSMP_March2016.pdf
2016,Limestone,Karnataka,4354353.0,3827221.0,10252016172810MSMP_March2016.pdf
2016,Limestone,Madhya Pradesh,7029113.0,7704933.0,10252016172810MSMP_March2016.pdf
2016,Limestone,Maharashtra,2301616.0,2378849.0,10252016172810MSMP_March2016.pdf
2016,Limestone,Odisha,1512592.0,1382606.0,10252016172810MSMP_March2016.pdf
2016,Limestone,Rajasthan,16698147.0,16372396.0,10252016172810MSMP_March2016.pdf
2016,Limestone,Tamil Nadu,6202484.0,6772663.0,10252016172810MSMP_March2016.pdf
2016,Limestone,Chhattisgarh,134800.0,139855400.0,10252016172810MSMP_March2016.pdf
2016,Limestone,Jharkhand,124100.0,193135100.0,10252016172810MSMP_March2016.pdf
2016,Limestone,Madhya Pradesh,87600.0,111478200.0,10252016172810MSMP_March2016.pdf
2016,Limestone,Maharashtra,38300.0,67045400.0,10252016172810MSMP_March2016.pdf
2016,Limestone,Odisha,123600.0,158984300.0,10252016172810MSMP_March2016.pdf
2016,Limestone,Gujarat,12300.0,17914600.0,10252016172810MSMP_March2016.pdf
2016,Limestone,Rajasthan,10800.0,12590000.0,10252016172810MSMP_March2016.pdf
2016,Limestone,Tamil Nadu,25200.0,51122400.0,10252016172810MSMP_March2016.pdf
2016,Limestone,Andhra Pradesh,541.0,4474139.0,10252016172810MSMP_March2016.pdf
2016,Limestone,Gujarat,1526.0,12620215.0,10252016172810MSMP_March2016.pdf
2016,Limestone,Rajasthan,1178.0,9742211.0,10252016172810MSMP_March2016.pdf
2016,Limestone,Tamil Nadu,1191.0,9849723.0,10252016172810MSMP_March2016.pdf
2016,Limestone,Andhra Pradesh,254.0,4616646.0,10252016172810MSMP_March2016.pdf
2016,Limestone,Gujarat,4653.0,84571872.0,10252016172810MSMP_March2016.pdf
2016,Limestone,Rajasthan,8848.0,160819240.0,10252016172810MSMP_March2016.pdf
2016,Limestone,Tamil Nadu,240.0,4362186.0,10252016172810MSMP_March2016.pdf
2016,Iron Ore,Andhra Pradesh,916.0,504259.0,10252016172810MSMP_March2016.pdf
2016,Iron Ore,Chhattisgarh,29388.0,85391078.0,10252016172810MSMP_March2016.pdf
2016,Iron Ore,Jharkhand,19237.0,23649275.0,10252016172810MSMP_March2016.pdf
2016,Iron Ore,Karnataka,20205.0,55165630.0,10252016172810MSMP_March2016.pdf
2016,Iron Ore,Madhya Pradesh,4193.0,2464797.0,10252016172810MSMP_March2016.pdf
2016,Iron Ore,Maharashtra,2143.0,2601529.0,10252016172810MSMP_March2016.pdf
2016,Iron Ore,Odisha,52022.0,103636933.0,10252016172810MSMP_March2016.pdf
2016,Iron Ore,Rajasthan,1180.0,3201253.0,10252016172810MSMP_March2016.pdf
2016,Iron Ore,Andhra Pradesh,637.0,425241.0,10252016172810MSMP_March2016.pdf
2016,Iron Ore,Chhattisgarh,10617.0,35702422.0,10252016172810MSMP_March2016.pdf
2016,Iron Ore,Jharkhand,6904.0,9470862.0,10252016172810MSMP_March2016.pdf
2016,Iron Ore,Karnataka,6799.0,22759146.0,10252016172810MSMP_March2016.pdf
2016,Iron Ore,Madhya Pradesh,654.0,794722.0,10252016172810MSMP_March2016.pdf
2016,Iron Ore,Maharashtra,407.0,626507.0,10252016172810MSMP_March2016.pdf
2016,Iron Ore,Odisha,21152.0,57013083.0,10252016172810MSMP_March2016.pdf
2016,Iron Ore,Rajasthan,124.0,82779.0,10252016172810MSMP_March2016.pdf
2016,Iron Ore,Andhra Pradesh,279.0,79018.0,10252016172810MSMP_March2016.pdf
2016,Iron Ore,Chhattisgarh,18771.0,49688656.0,10252016172810MSMP_March2016.pdf
2016,Iron Ore,Jharkhand,12333.0,14178413.0,10252016172810MSMP_March2016.pdf
2016,Iron Ore,Karnataka,13406.0,32406484.0,10252016172810MSMP_March2016.pdf
2016,Iron Ore,Madhya Pradesh,3539.0,1670075.0,10252016172810MSMP_March2016.pdf
2016,Iron Ore,Maharashtra,1736.0,1975022.0,10252016172810MSMP_March2016.pdf
2016,Iron Ore,Odisha,30831.0,46548984.0,10252016172810MSMP_March2016.pdf
2016,Iron Ore,Rajasthan,17.0,13851.0,10252016172810MSMP_March2016.pdf
2016,Iron Ore,Odisha,39.0,74866.0,10252016172810MSMP_March2016.pdf
2016,Iron Ore,Rajasthan,1039.0,3104623.0,10252016172810MSMP_March2016.pdf
2016,Limestone,Andhra Pradesh,34676.0,6145183.0,10252016172810MSMP_March2016.pdf
2016,Limestone,Chhattisgarh,23588.0,5095514.0,10252016172810MSMP_March2016.pdf
2016,Limestone,Gujarat,26010.0,4041937.0,10252016172810MSMP_March2016.pdf
2016,Limestone,Jharkhand,792.0,355281.0,10252016172810MSMP_March2016.pdf
2016,Limestone,Karnataka,24008.0,3782551.0,10252016172810MSMP_March2016.pdf
2016,Limestone,Madhya Pradesh,39530.0,7024166.0,10252016172810MSMP_March2016.pdf
2016,Limestone,Maharashtra,12085.0,2338475.0,10252016172810MSMP_March2016.pdf
2016,Limestone,Odisha,3409.0,1189212.0,10252016172810MSMP_March2016.pdf
2016,Limestone,Rajasthan,61844.0,12515775.0,10252016172810MSMP_March2016.pdf
2016,Limestone,Tamil Nadu,22227.0,5989520.0,10252016172810MSMP_March2016.pdf
2016,Limestone,Karnataka,200.0,240.0,10252016172810MSMP_March2016.pdf
2016,Limestone,Tamil Nadu,30.0,30.0,10252016172810MSMP_March2016.pdf
2016,Limestone,Karnataka,9129.0,40910.0,10252016172810MSMP_March2016.pdf
2016,Limestone,Tamil Nadu,225694.0,637938.0,10252016172810MSMP_March2016.pdf
2016,Limestone,Gujarat,2177449.0,257030.0,10252016172810MSMP_March2016.pdf
2016,Limestone,Tamil Nadu,2039.0,568.0,10252016172810MSMP_March2016.pdf
2016,Limestone,Chhattisgarh,6383.0,1671.0,10252016172810MSMP_March2016.pdf
2016,Limestone,Rajasthan,207.0,456.0,10252016172810MSMP_March2016.pdf
2016,Limestone,Gujarat,90096.0,0.0,10252016172810MSMP_March2016.pdf
2016,Limestone,Maharashtra,57691.0,0.0,10252016172810MSMP_March2016.pdf
2016,Limestone,Andhra Pradesh,15491.0,6246.0,10252016172810MSMP_March2016.pdf
2016,Limestone,Rajasthan,1623.0,1251.0,10252016172810MSMP_March2016.pdf
2016,Limestone,Tamil Nadu,2222.0,4982.0,10252016172810MSMP_March2016.pdf
2016,Limestone,Rajasthan,186524.0,162113.0,10252016172810MSMP_March2016.pdf
2016,Limestone,Chhattisgarh,2058.0,1692.0,10252016172810MSMP_March2016.pdf
2016,Limestone,Jharkhand,226.0,140.0,10252016172810MSMP_March2016.pdf
2016,Limestone,Odisha,7060.0,6804.0,10252016172810MSMP_March2016.pdf
2016,Limestone,Rajasthan,2.0,13.0,10252016172810MSMP_March2016.pdf
2017,Limestone,Andhra Pradesh,104.0,85.0,11302017125132MSMP_MARCH 17_final_release.pdf
2017,Limestone,Rajasthan,1.0,1.0,11302017125132MSMP_MARCH 17_final_release.pdf
2017,Limestone,Madhya Pradesh,21373.0,9.0,11302017125132MSMP_MARCH 17_final_release.pdf
2017,Limestone,Gujarat,11921.0,5.0,11302017125132MSMP_MARCH 17_final_release.pdf
2017,Limestone,Tamil Nadu,3.5,7606.0,11302017125132MSMP_MARCH 17_final_release.pdf
2017,Limestone,Maharashtra,3.1,94.0,11302017125132MSMP_MARCH 17_final_release.pdf
2017,Limestone,Andhra Pradesh,20870046.0,18470126.0,11302017125132MSMP_MARCH 17_final_release.pdf
2017,Limestone,Chhattisgarh,227430675.0,208559861.0,11302017125132MSMP_MARCH 17_final_release.pdf
2017,Limestone,Gujarat,119211395.0,117695800.0,11302017125132MSMP_MARCH 17_final_release.pdf
2017,Limestone,Jharkhand,213728273.0,206137946.0,11302017125132MSMP_MARCH 17_final_release.pdf
2017,Limestone,Karnataka,54468641.0,42636581.0,11302017125132MSMP_MARCH 17_final_release.pdf
2017,Limestone,Madhya Pradesh,149686168.0,150413983.0,11302017125132MSMP_MARCH 17_final_release.pdf
2017,Limestone,Maharashtra,73138769.0,73585364.0,11302017125132MSMP_MARCH 17_final_release.pdf
2017,Limestone,Odisha,286023519.0,263900422.0,11302017125132MSMP_MARCH 17_final_release.pdf
2017,Limestone,Rajasthan,262516285.0,260420238.0,11302017125132MSMP_MARCH 17_final_release.pdf
2017,Limestone,Tamil Nadu,76059577.0,69778323.0,11302017125132MSMP_MARCH 17_final_release.pdf
2017,Limestone,Andhra Pradesh,11913801.0,10481062.0,11302017125132MSMP_MARCH 17_final_release.pdf
2017,Limestone,Chhattisgarh,157728759.0,147436800.0,11302017125132MSMP_MARCH 17_final_release.pdf
2017,Limestone,Gujarat,111686310.0,108128114.0,11302017125132MSMP_MARCH 17_final_release.pdf
2017,Limestone,Jharkhand,195258296.0,187386440.0,11302017125132MSMP_MARCH 17_final_release.pdf
2017,Limestone,Madhya Pradesh,133311995.0,132263170.0,11302017125132MSMP_MARCH 17_final_release.pdf
2017,Limestone,Maharashtra,63140766.0,65340300.0,11302017125132MSMP_MARCH 17_final_release.pdf
2017,Limestone,Odisha,121794047.0,121010100.0,11302017125132MSMP_MARCH 17_final_release.pdf
2017,Limestone,Rajasthan,166500584.0,178516730.0,11302017125132MSMP_MARCH 17_final_release.pdf
2017,Limestone,Tamil Nadu,69207039.0,62272976.0,11302017125132MSMP_MARCH 17_final_release.pdf
2017,Limestone,Andhra Pradesh,1020320.0,612207.0,11302017125132MSMP_MARCH 17_final_release.pdf
2017,Limestone,Chhattisgarh,61806458.0,54103613.0,11302017125132MSMP_MARCH 17_final_release.pdf
2017,Limestone,Gujarat,2878562.0,4876805.0,11302017125132MSMP_MARCH 17_final_release.pdf
2017,Limestone,Jharkhand,17906362.0,18218578.0,11302017125132MSMP_MARCH 17_final_release.pdf
2017,Limestone,Karnataka,49368868.0,38269690.0,11302017125132MSMP_MARCH 17_final_release.pdf
2017,Limestone,Madhya Pradesh,9254915.0,8605588.0,11302017125132MSMP_MARCH 17_final_release.pdf
2017,Limestone,Maharashtra,7555962.0,5348664.0,11302017125132MSMP_MARCH 17_final_release.pdf
2017,Limestone,Odisha,162381109.0,141210527.0,11302017125132MSMP_MARCH 17_final_release.pdf
2017,Limestone,Rajasthan,77415372.0,62762018.0,11302017125132MSMP_MARCH 17_final_release.pdf
2017,Limestone,Tamil Nadu,4811.0,19002.0,11302017125132MSMP_MARCH 17_final_release.pdf
2017,Limestone,Andhra Pradesh,7935925.0,7376857.0,11302017125132MSMP_MARCH 17_final_release.pdf
2017,Limestone,Chhattisgarh,7895458.0,7019448.0,11302017125132MSMP_MARCH 17_final_release.pdf
2017,Limestone,Gujarat,4646523.0,4690881.0,11302017125132MSMP_MARCH 17_final_release.pdf
2017,Limestone,Jharkhand,563615.0,532928.0,11302017125132MSMP_MARCH 17_final_release.pdf
2017,Limestone,Karnataka,5099773.0,4366891.0,11302017125132MSMP_MARCH 17_final_release.pdf
2017,Limestone,Madhya Pradesh,7119258.0,9545225.0,11302017125132MSMP_MARCH 17_final_release.pdf
2017,Limestone,Maharashtra,2442041.0,2896400.0,11302017125132MSMP_MARCH 17_final_release.pdf
2017,Limestone,Odisha,1848363.0,1679795.0,11302017125132MSMP_MARCH 17_final_release.pdf
2017,Limestone,Rajasthan,18600329.0,19141490.0,11302017125132MSMP_MARCH 17_final_release.pdf
2017,Limestone,Tamil Nadu,6847727.0,7486345.0,11302017125132MSMP_MARCH 17_final_release.pdf
2017,Limestone,Chhattisgarh,130605.0,147436800.0,11302017125132MSMP_MARCH 17_final_release.pdf
2017,Limestone,Jharkhand,121067.0,187369900.0,11302017125132MSMP_MARCH 17_final_release.pdf
2017,Limestone,Madhya Pradesh,107714.0,132254900.0,11302017125132MSMP_MARCH 17_final_release.pdf
2017,Limestone,Maharashtra,38351.0,65340300.0,11302017125132MSMP_MARCH 17_final_release.pdf
2017,Limestone,Odisha,138461.0,121010100.0,11302017125132MSMP_MARCH 17_final_release.pdf
2017,Limestone,Gujarat,10123.0,14723500.0,11302017125132MSMP_MARCH 17_final_release.pdf
2017,Limestone,Rajasthan,9492.0,11103300.0,11302017125132MSMP_MARCH 17_final_release.pdf
2017,Limestone,Tamil Nadu,24227.0,49168000.0,11302017125132MSMP_MARCH 17_final_release.pdf
2017,Limestone,Andhra Pradesh,619.0,5119209.0,11302017125132MSMP_MARCH 17_final_release.pdf
2017,Limestone,Gujarat,1490.0,12322491.0,11302017125132MSMP_MARCH 17_final_release.pdf
2017,Limestone,Jharkhand,2.0,16540.0,11302017125132MSMP_MARCH 17_final_release.pdf
2017,Limestone,Madhya Pradesh,1.0,8270.0,11302017125132MSMP_MARCH 17_final_release.pdf
2017,Limestone,Rajasthan,1338.0,11065431.0,11302017125132MSMP_MARCH 17_final_release.pdf
2017,Limestone,Tamil Nadu,1011.0,8361099.0,11302017125132MSMP_MARCH 17_final_release.pdf
2017,Limestone,Andhra Pradesh,295.0,5361853.0,11302017125132MSMP_MARCH 17_final_release.pdf
2017,Limestone,Gujarat,4461.0,81082123.0,11302017125132MSMP_MARCH 17_final_release.pdf
2017,Limestone,Rajasthan,8602.0,156347999.0,11302017125132MSMP_MARCH 17_final_release.pdf
2017,Limestone,Tamil Nadu,261.0,4743877.0,11302017125132MSMP_MARCH 17_final_release.pdf
2017,Iron Ore,Andhra Pradesh,493.0,283258.0,11302017125132MSMP_MARCH 17_final_release.pdf
2017,Iron Ore,Chhattisgarh,26718.0,52780037.0,11302017125132MSMP_MARCH 17_final_release.pdf
2017,Iron Ore,Jharkhand,19198.0,16494215.0,11302017125132MSMP_MARCH 17_final_release.pdf
2017,Iron Ore,Karnataka,25036.0,34659850.0,11302017125132MSMP_MARCH 17_final_release.pdf
2017,Iron Ore,Madhya Pradesh,2447.0,1475651.0,11302017125132MSMP_MARCH 17_final_release.pdf
2017,Iron Ore,Maharashtra,1420.0,1500657.0,11302017125132MSMP_MARCH 17_final_release.pdf
2017,Iron Ore,Odisha,79856.0,112112226.0,11302017125132MSMP_MARCH 17_final_release.pdf
2017,Iron Ore,Rajasthan,1146.0,1768585.0,11302017125132MSMP_MARCH 17_final_release.pdf
2017,Iron Ore,Andhra Pradesh,312.0,227859.0,11302017125132MSMP_MARCH 17_final_release.pdf
2017,Iron Ore,Chhattisgarh,10214.0,24169097.0,11302017125132MSMP_MARCH 17_final_release.pdf
2017,Iron Ore,Jharkhand,6154.0,6032530.0,11302017125132MSMP_MARCH 17_final_release.pdf
2017,Iron Ore,Karnataka,7990.0,14927975.0,11302017125132MSMP_MARCH 17_final_release.pdf
2017,Iron Ore,Madhya Pradesh,268.0,174566.0,11302017125132MSMP_MARCH 17_final_release.pdf
2017,Iron Ore,Maharashtra,198.0,349230.0,11302017125132MSMP_MARCH 17_final_release.pdf
2017,Iron Ore,Odisha,29103.0,52579559.0,11302017125132MSMP_MARCH 17_final_release.pdf
2017,Iron Ore,Rajasthan,111.0,40601.0,11302017125132MSMP_MARCH 17_final_release.pdf
2017,Iron Ore,Andhra Pradesh,181.0,55399.0,11302017125132MSMP_MARCH 17_final_release.pdf
2017,Iron Ore,Chhattisgarh,16504.0,28610940.0,11302017125132MSMP_MARCH 17_final_release.pdf
2017,Iron Ore,Jharkhand,13044.0,10461685.0,11302017125132MSMP_MARCH 17_final_release.pdf
2017,Iron Ore,Karnataka,17046.0,19731875.0,11302017125132MSMP_MARCH 17_final_release.pdf
2017,Iron Ore,Madhya Pradesh,2179.0,1301085.0,11302017125132MSMP_MARCH 17_final_release.pdf
2017,Iron Ore,Maharashtra,1222.0,1151427.0,11302017125132MSMP_MARCH 17_final_release.pdf
2017,Iron Ore,Odisha,50694.0,59421386.0,11302017125132MSMP_MARCH 17_final_release.pdf
2017,Iron Ore,Rajasthan,3.0,528.0,11302017125132MSMP_MARCH 17_final_release.pdf
2017,Iron Ore,Odisha,59.0,111281.0,11302017125132MSMP_MARCH 17_final_release.pdf
2017,Iron Ore,Rajasthan,1032.0,1727456.0,11302017125132MSMP_MARCH 17_final_release.pdf
2017,Limestone,Andhra Pradesh,32579.0,6556564.0,11302017125132MSMP_MARCH 17_final_release.pdf
2017,Limestone,Chhattisgarh,27667.0,7013331.0,11302017125132MSMP_MARCH 17_final_release.pdf
2017,Limestone,Gujarat,25622.0,4370924.0,11302017125132MSMP_MARCH 17_final_release.pdf
2017,Limestone,Jharkhand,1076.0,509938.0,11302017125132MSMP_MARCH 17_final_release.pdf
2017,Limestone,Karnataka,27062.0,4325671.0,11302017125132MSMP_MARCH 17_final_release.pdf
2017,Limestone,Madhya Pradesh,39430.0,8868182.0,11302017125132MSMP_MARCH 17_final_release.pdf
2017,Limestone,Maharashtra,13036.0,2842122.0,11302017125132MSMP_MARCH 17_final_release.pdf
2017,Limestone,Odisha,4532.0,1489611.0,11302017125132MSMP_MARCH 17_final_release.pdf
2017,Limestone,Rajasthan,67336.0,15253871.0,11302017125132MSMP_MARCH 17_final_release.pdf
2017,Limestone,Tamil Nadu,23008.0,6623612.0,11302017125132MSMP_MARCH 17_final_release.pdf
2017,Limestone,Karnataka,1221.0,1258.0,11302017125132MSMP_MARCH 17_final_release.pdf
2017,Limestone,Karnataka,8161.0,39962.0,11302017125132MSMP_MARCH 17_final_release.pdf
2017,Limestone,Tamil Nadu,264913.0,705318.0,11302017125132MSMP_MARCH 17_final_release.pdf
2017,Limestone,Gujarat,2389707.0,319957.0,11302017125132MSMP_MARCH 17_final_release.pdf
2017,Limestone,Chhattisgarh,26042.0,6117.0,11302017125132MSMP_MARCH 17_final_release.pdf
2017,Limestone,Rajasthan,3103.0,6206.0,11302017125132MSMP_MARCH 17_final_release.pdf
2017,Limestone,Rajasthan,47386.0,20735.0,11302017125132MSMP_MARCH 17_final_release.pdf
2017,Limestone,Gujarat,101743.0,0.0,11302017125132MSMP_MARCH 17_final_release.pdf
2017,Limestone,Maharashtra,56670.0,0.0,11302017125132MSMP_MARCH 17_final_release.pdf
2017,Limestone,Andhra Pradesh,21890.0,7986.0,11302017125132MSMP_MARCH 17_final_release.pdf
2017,Limestone,Rajasthan,421.0,400.0,11302017125132MSMP_MARCH 17_final_release.pdf
2017,Limestone,Tamil Nadu,968.0,2170.0,11302017125132MSMP_MARCH 17_final_release.pdf
2017,Limestone,Rajasthan,175348.0,150313.0,11302017125132MSMP_MARCH 17_final_release.pdf
2017,Limestone,Chhattisgarh,2565.0,2177.0,11302017125132MSMP_MARCH 17_final_release.pdf
2017,Limestone,Jharkhand,33.0,19.0,11302017125132MSMP_MARCH 17_final_release.pdf
2017,Limestone,Maharashtra,74.0,211.0,11302017125132MSMP_MARCH 17_final_release.pdf
2017,Limestone,Odisha,7058.0,6915.0,11302017125132MSMP_MARCH 17_final_release.pdf
2017,Limestone,Rajasthan,38.0,37.0,11302017125132MSMP_MARCH 17_final_release.pdf
2018,Limestone,Andhra Pradesh,11123298.0,9330823.0,12172018133547MSMP_MAR_2018_Rev.pdf
2018,Limestone,Chhattisgarh,91839863.0,70679868.0,12172018133547MSMP_MAR_2018_Rev.pdf
2018,Limestone,Gujarat,6778917.0,8575879.0,12172018133547MSMP_MAR_2018_Rev.pdf
2018,Limestone,Jharkhand,20703857.0,17160384.0,12172018133547MSMP_MAR_2018_Rev.pdf
2018,Limestone,Karnataka,81799724.0,55521777.0,12172018133547MSMP_MAR_2018_Rev.pdf
2018,Limestone,Madhya Pradesh,21412753.0,18145568.0,12172018133547MSMP_MAR_2018_Rev.pdf
2018,Limestone,Maharashtra,12289218.0,11159892.0,12172018133547MSMP_MAR_2018_Rev.pdf
2018,Limestone,Odisha,200917711.0,160195056.0,12172018133547MSMP_MAR_2018_Rev.pdf
2018,Limestone,Rajasthan,110191103.0,96532228.0,12172018133547MSMP_MAR_2018_Rev.pdf
2018,Limestone,Tamil Nadu,5950854.0,7478149.0,12172018133547MSMP_MAR_2018_Rev.pdf
2018,Limestone,Andhra Pradesh,1154851.0,993802.0,12172018133547MSMP_MAR_2018_Rev.pdf
2018,Limestone,Chhattisgarh,83554299.0,62050380.0,12172018133547MSMP_MAR_2018_Rev.pdf
2018,Limestone,Gujarat,1609239.0,3147661.0,12172018133547MSMP_MAR_2018_Rev.pdf
2018,Limestone,Jharkhand,20170099.0,16647266.0,12172018133547MSMP_MAR_2018_Rev.pdf
2018,Limestone,Karnataka,76599268.0,50003471.0,12172018133547MSMP_MAR_2018_Rev.pdf
2018,Limestone,Madhya Pradesh,12083016.0,8971934.0,12172018133547MSMP_MAR_2018_Rev.pdf
2018,Limestone,Maharashtra,9113935.0,8276768.0,12172018133547MSMP_MAR_2018_Rev.pdf
2018,Limestone,Odisha,198948970.0,158348079.0,12172018133547MSMP_MAR_2018_Rev.pdf
2018,Limestone,Rajasthan,90116962.0,77530055.0,12172018133547MSMP_MAR_2018_Rev.pdf
2018,Limestone,Andhra Pradesh,9968447.0,8337021.0,12172018133547MSMP_MAR_2018_Rev.pdf
2018,Limestone,Chhattisgarh,8285564.0,8629488.0,12172018133547MSMP_MAR_2018_Rev.pdf
2018,Limestone,Gujarat,5169678.0,5428218.0,12172018133547MSMP_MAR_2018_Rev.pdf
2018,Limestone,Jharkhand,533758.0,513118.0,12172018133547MSMP_MAR_2018_Rev.pdf
2018,Limestone,Karnataka,5200456.0,5518306.0,12172018133547MSMP_MAR_2018_Rev.pdf
2018,Limestone,Madhya Pradesh,9329737.0,9173634.0,12172018133547MSMP_MAR_2018_Rev.pdf
2018,Limestone,Maharashtra,3175283.0,2883124.0,12172018133547MSMP_MAR_2018_Rev.pdf
2018,Limestone,Odisha,1968741.0,1846977.0,12172018133547MSMP_MAR_2018_Rev.pdf
2018,Limestone,Rajasthan,20074141.0,19002173.0,12172018133547MSMP_MAR_2018_Rev.pdf
2018,Limestone,Chhattisgarh,142510.0,138525.0,12172018133547MSMP_MAR_2018_Rev.pdf
2018,Limestone,Jharkhand,123485.0,126435.0,12172018133547MSMP_MAR_2018_Rev.pdf
2018,Limestone,Madhya Pradesh,112239.0,105013.0,12172018133547MSMP_MAR_2018_Rev.pdf
2018,Limestone,Maharashtra,42220.0,40559.0,12172018133547MSMP_MAR_2018_Rev.pdf
2018,Limestone,Odisha,143328.0,139359.0,12172018133547MSMP_MAR_2018_Rev.pdf
2018,Limestone,Gujarat,13782.0,10546.0,12172018133547MSMP_MAR_2018_Rev.pdf
2018,Limestone,Rajasthan,7606.0,8480.0,12172018133547MSMP_MAR_2018_Rev.pdf
2018,Limestone,Tamil Nadu,26280.0,26204.0,12172018133547MSMP_MAR_2018_Rev.pdf
2018,Limestone,Andhra Pradesh,943.0,868.0,12172018133547MSMP_MAR_2018_Rev.pdf
2018,Limestone,Gujarat,1557.0,1580.0,12172018133547MSMP_MAR_2018_Rev.pdf
2018,Limestone,Madhya Pradesh,199.0,6.0,12172018133547MSMP_MAR_2018_Rev.pdf
2018,Limestone,Rajasthan,1388.0,1278.0,12172018133547MSMP_MAR_2018_Rev.pdf
2018,Limestone,Tamil Nadu,1186.0,983.0,12172018133547MSMP_MAR_2018_Rev.pdf
2018,Limestone,Andhra Pradesh,322.0,276.0,12172018133547MSMP_MAR_2018_Rev.pdf
2018,Limestone,Gujarat,4592.0,4605.0,12172018133547MSMP_MAR_2018_Rev.pdf
2018,Limestone,Rajasthan,7885.0,8165.0,12172018133547MSMP_MAR_2018_Rev.pdf
2018,Limestone,Tamil Nadu,347.0,284.0,12172018133547MSMP_MAR_2018_Rev.pdf
2018,Iron Ore,Andhra Pradesh,485.0,264799.0,12172018133547MSMP_MAR_2018_Rev.pdf
2018,Iron Ore,Chhattisgarh,33285.0,60676299.0,12172018133547MSMP_MAR_2018_Rev.pdf
2018,Iron Ore,Jharkhand,21226.0,14623291.0,12172018133547MSMP_MAR_2018_Rev.pdf
2018,Iron Ore,Karnataka,26483.0,44516152.0,12172018133547MSMP_MAR_2018_Rev.pdf
2018,Iron Ore,Madhya Pradesh,1772.0,767339.0,12172018133547MSMP_MAR_2018_Rev.pdf
2018,Iron Ore,Maharashtra,1321.0,1152443.0,12172018133547MSMP_MAR_2018_Rev.pdf
2018,Iron Ore,Odisha,99614.0,115628185.0,12172018133547MSMP_MAR_2018_Rev.pdf
2018,Iron Ore,Rajasthan,1228.0,3107923.0,12172018133547MSMP_MAR_2018_Rev.pdf
2018,Iron Ore,Andhra Pradesh,302.0,204091.0,12172018133547MSMP_MAR_2018_Rev.pdf
2018,Iron Ore,Chhattisgarh,12096.0,24402985.0,12172018133547MSMP_MAR_2018_Rev.pdf
2018,Iron Ore,Jharkhand,5939.0,4646787.0,12172018133547MSMP_MAR_2018_Rev.pdf
2018,Iron Ore,Karnataka,8891.0,16622763.0,12172018133547MSMP_MAR_2018_Rev.pdf
2018,Iron Ore,Madhya Pradesh,136.0,108922.0,12172018133547MSMP_MAR_2018_Rev.pdf
2018,Iron Ore,Maharashtra,231.0,370585.0,12172018133547MSMP_MAR_2018_Rev.pdf
2018,Iron Ore,Odisha,35565.0,53693919.0,12172018133547MSMP_MAR_2018_Rev.pdf
2018,Iron Ore,Rajasthan,122.0,41668.0,12172018133547MSMP_MAR_2018_Rev.pdf
2018,Iron Ore,Andhra Pradesh,183.0,60708.0,12172018133547MSMP_MAR_2018_Rev.pdf
2018,Iron Ore,Chhattisgarh,21189.0,36273314.0,12172018133547MSMP_MAR_2018_Rev.pdf
2018,Iron Ore,Jharkhand,15287.0,9976504.0,12172018133547MSMP_MAR_2018_Rev.pdf
2018,Iron Ore,Karnataka,17592.0,27893389.0,12172018133547MSMP_MAR_2018_Rev.pdf
2018,Iron Ore,Madhya Pradesh,1634.0,655590.0,12172018133547MSMP_MAR_2018_Rev.pdf
2018,Iron Ore,Maharashtra,1090.0,781858.0,12172018133547MSMP_MAR_2018_Rev.pdf
2018,Iron Ore,Odisha,64049.0,61934266.0,12172018133547MSMP_MAR_2018_Rev.pdf
2018,Iron Ore,Rajasthan,611.0,48.0,12172018133547MSMP_MAR_2018_Rev.pdf
2018,Iron Ore,Madhya Pradesh,2.0,2827.0,12172018133547MSMP_MAR_2018_Rev.pdf
2018,Iron Ore,Rajasthan,1106.0,3066207.0,12172018133547MSMP_MAR_2018_Rev.pdf
2018,Limestone,Andhra Pradesh,35515.0,7446888.0,12172018133547MSMP_MAR_2018_Rev.pdf
2018,Limestone,Chhattisgarh,32156.0,8622865.0,12172018133547MSMP_MAR_2018_Rev.pdf
2018,Limestone,Gujarat,25813.0,5110332.0,12172018133547MSMP_MAR_2018_Rev.pdf
2018,Limestone,Jharkhand,1146.0,501660.0,12172018133547MSMP_MAR_2018_Rev.pdf
2018,Limestone,Karnataka,29751.0,5475530.0,12172018133547MSMP_MAR_2018_Rev.pdf
2018,Limestone,Madhya Pradesh,36164.0,8405039.0,12172018133547MSMP_MAR_2018_Rev.pdf
2018,Limestone,Maharashtra,12124.0,2840194.0,12172018133547MSMP_MAR_2018_Rev.pdf
2018,Limestone,Odisha,4752.0,1598449.0,12172018133547MSMP_MAR_2018_Rev.pdf
2018,Limestone,Rajasthan,66906.0,15908982.0,12172018133547MSMP_MAR_2018_Rev.pdf
2018,Limestone,Tamil Nadu,23670.0,6692906.0,12172018133547MSMP_MAR_2018_Rev.pdf
2018,Limestone,Karnataka,4003.0,7779.0,12172018133547MSMP_MAR_2018_Rev.pdf
2018,Limestone,Karnataka,8391.0,34997.0,12172018133547MSMP_MAR_2018_Rev.pdf
2018,Limestone,Tamil Nadu,223406.0,623084.0,12172018133547MSMP_MAR_2018_Rev.pdf
2018,Limestone,Gujarat,2203700.0,317886.0,12172018133547MSMP_MAR_2018_Rev.pdf
2018,Limestone,Chhattisgarh,27685.0,6623.0,12172018133547MSMP_MAR_2018_Rev.pdf
2018,Limestone,Rajasthan,4328.0,8656.0,12172018133547MSMP_MAR_2018_Rev.pdf
2018,Limestone,Rajasthan,77270.0,55340.0,12172018133547MSMP_MAR_2018_Rev.pdf
2018,Limestone,Gujarat,100952.0,0.0,12172018133547MSMP_MAR_2018_Rev.pdf
2018,Limestone,Maharashtra,48990.0,0.0,12172018133547MSMP_MAR_2018_Rev.pdf
2018,Limestone,Odisha,86734.0,0.0,12172018133547MSMP_MAR_2018_Rev.pdf
2018,Limestone,Andhra Pradesh,7225.0,2441.0,12172018133547MSMP_MAR_2018_Rev.pdf
2018,Limestone,Rajasthan,127.0,127.0,12172018133547MSMP_MAR_2018_Rev.pdf
2018,Limestone,Tamil Nadu,1690.0,5594.0,12172018133547MSMP_MAR_2018_Rev.pdf
2018,Limestone,Rajasthan,166186.0,158823.0,12172018133547MSMP_MAR_2018_Rev.pdf
2018,Limestone,Chhattisgarh,3203.0,2453.0,12172018133547MSMP_MAR_2018_Rev.pdf
2018,Limestone,Jharkhand,105.0,111.0,12172018133547MSMP_MAR_2018_Rev.pdf
2018,Limestone,Karnataka,2068.0,2340.0,12172018133547MSMP_MAR_2018_Rev.pdf
2018,Limestone,Maharashtra,159.0,51.0,12172018133547MSMP_MAR_2018_Rev.pdf
2018,Limestone,Odisha,6439.0,5198.0,12172018133547MSMP_MAR_2018_Rev.pdf
2018,Limestone,Rajasthan,6.0,7.0,12172018133547MSMP_MAR_2018_Rev.pdf
2020,Limestone,Rajasthan,89.0,82.0,05192020165845MSMP_MARCH_REV_2019.pdf
2020,Limestone,Karnataka,11.9,85.7,05192020165845MSMP_MARCH_REV_2019.pdf
2020,Limestone,Andhra Pradesh,12923845.0,11435094.0,05192020165845MSMP_MARCH_REV_2019.pdf
2020,Limestone,Chhattisgarh,110762444.0,92411329.0,05192020165845MSMP_MARCH_REV_2019.pdf
2020,Limestone,Gujarat,6961939.0,7850491.0,05192020165845MSMP_MARCH_REV_2019.pdf
2020,Limestone,Jharkhand,25109919.0,24156749.0,05192020165845MSMP_MARCH_REV_2019.pdf
2020,Limestone,Karnataka,87418824.0,86809218.0,05192020165845MSMP_MARCH_REV_2019.pdf
2020,Limestone,Madhya Pradesh,25821077.0,23186437.0,05192020165845MSMP_MARCH_REV_2019.pdf
2020,Limestone,Maharashtra,13177721.0,12405349.0,05192020165845MSMP_MARCH_REV_2019.pdf
2020,Limestone,Odisha,301702249.0,196101000.0,05192020165845MSMP_MARCH_REV_2019.pdf
2020,Limestone,Rajasthan,128318193.0,111777483.0,05192020165845MSMP_MARCH_REV_2019.pdf
2020,Limestone,Tamil Nadu,6776569.0,6553035.0,05192020165845MSMP_MARCH_REV_2019.pdf
2020,Limestone,Andhra Pradesh,1657712.0,1109206.0,05192020165845MSMP_MARCH_REV_2019.pdf
2020,Limestone,Chhattisgarh,101537476.0,83757352.0,05192020165845MSMP_MARCH_REV_2019.pdf
2020,Limestone,Gujarat,1293201.0,2141013.0,05192020165845MSMP_MARCH_REV_2019.pdf
2020,Limestone,Jharkhand,24663272.0,23161411.0,05192020165845MSMP_MARCH_REV_2019.pdf
2020,Limestone,Karnataka,81426801.0,81028574.0,05192020165845MSMP_MARCH_REV_2019.pdf
2020,Limestone,Madhya Pradesh,14397235.0,11928823.0,05192020165845MSMP_MARCH_REV_2019.pdf
2020,Limestone,Maharashtra,9836452.0,9228157.0,05192020165845MSMP_MARCH_REV_2019.pdf
2020,Limestone,Odisha,299383006.0,194161061.0,05192020165845MSMP_MARCH_REV_2019.pdf
2020,Limestone,Rajasthan,106170901.0,90537094.0,05192020165845MSMP_MARCH_REV_2019.pdf
2020,Limestone,Andhra Pradesh,11266133.0,10325888.0,05192020165845MSMP_MARCH_REV_2019.pdf
2020,Limestone,Chhattisgarh,9224968.0,8653977.0,05192020165845MSMP_MARCH_REV_2019.pdf
2020,Limestone,Gujarat,5668738.0,5709478.0,05192020165845MSMP_MARCH_REV_2019.pdf
2020,Limestone,Jharkhand,446647.0,995338.0,05192020165845MSMP_MARCH_REV_2019.pdf
2020,Limestone,Karnataka,5992023.0,5780644.0,05192020165845MSMP_MARCH_REV_2019.pdf
2020,Limestone,Madhya Pradesh,11423842.0,11257614.0,05192020165845MSMP_MARCH_REV_2019.pdf
2020,Limestone,Maharashtra,3341269.0,3177192.0,05192020165845MSMP_MARCH_REV_2019.pdf
2020,Limestone,Odisha,2319243.0,1939939.0,05192020165845MSMP_MARCH_REV_2019.pdf
2020,Limestone,Rajasthan,22147292.0,21240389.0,05192020165845MSMP_MARCH_REV_2019.pdf
2020,Limestone,Chhattisgarh,161893.0,142546.0,05192020165845MSMP_MARCH_REV_2019.pdf
2020,Limestone,Jharkhand,134666.0,123297.0,05192020165845MSMP_MARCH_REV_2019.pdf
2020,Limestone,Madhya Pradesh,118661.0,112127.0,05192020165845MSMP_MARCH_REV_2019.pdf
2020,Limestone,Maharashtra,49818.0,42219.0,05192020165845MSMP_MARCH_REV_2019.pdf
2020,Limestone,Odisha,144312.0,143328.0,05192020165845MSMP_MARCH_REV_2019.pdf
2020,Limestone,Gujarat,12565.0,13781.0,05192020165845MSMP_MARCH_REV_2019.pdf
2020,Limestone,Rajasthan,8677.0,9294.0,05192020165845MSMP_MARCH_REV_2019.pdf
2020,Limestone,Tamil Nadu,23041.0,23569.0,05192020165845MSMP_MARCH_REV_2019.pdf
2020,Limestone,Andhra Pradesh,1046.0,959.0,05192020165845MSMP_MARCH_REV_2019.pdf
2020,Limestone,Gujarat,1349.0,1605.0,05192020165845MSMP_MARCH_REV_2019.pdf
2020,Limestone,Madhya Pradesh,357.0,200.0,05192020165845MSMP_MARCH_REV_2019.pdf
2020,Limestone,Rajasthan,1378.0,1442.0,05192020165845MSMP_MARCH_REV_2019.pdf
2020,Limestone,Tamil Nadu,1167.0,1208.0,05192020165845MSMP_MARCH_REV_2019.pdf
2020,Limestone,Andhra Pradesh,296.0,322.0,05192020165845MSMP_MARCH_REV_2019.pdf
2020,Limestone,Gujarat,4625.0,4590.0,05192020165845MSMP_MARCH_REV_2019.pdf
2020,Limestone,Rajasthan,7667.0,7887.0,05192020165845MSMP_MARCH_REV_2019.pdf
2020,Limestone,Tamil Nadu,395.0,345.0,05192020165845MSMP_MARCH_REV_2019.pdf
2020,Iron Ore,Andhra Pradesh,674.0,402892.0,05192020165845MSMP_MARCH_REV_2019.pdf
2020,Iron Ore,Chhattisgarh,34418.0,81546969.0,05192020165845MSMP_MARCH_REV_2019.pdf
2020,Iron Ore,Jharkhand,20169.0,20636973.0,05192020165845MSMP_MARCH_REV_2019.pdf
2020,Iron Ore,Karnataka,28691.0,74742826.0,05192020165845MSMP_MARCH_REV_2019.pdf
2020,Iron Ore,Madhya Pradesh,2743.0,1239712.0,05192020165845MSMP_MARCH_REV_2019.pdf
2020,Iron Ore,Maharashtra,940.0,1029104.0,05192020165845MSMP_MARCH_REV_2019.pdf
2020,Iron Ore,Odisha,102186.0,150845108.0,05192020165845MSMP_MARCH_REV_2019.pdf
2020,Iron Ore,Rajasthan,1320.0,4066062.0,05192020165845MSMP_MARCH_REV_2019.pdf
2020,Iron Ore,Andhra Pradesh,402.0,320091.0,05192020165845MSMP_MARCH_REV_2019.pdf
2020,Iron Ore,Chhattisgarh,12222.0,31781088.0,05192020165845MSMP_MARCH_REV_2019.pdf
2020,Iron Ore,Jharkhand,6090.0,6984493.0,05192020165845MSMP_MARCH_REV_2019.pdf
2020,Iron Ore,Karnataka,9427.0,27966193.0,05192020165845MSMP_MARCH_REV_2019.pdf
2020,Iron Ore,Madhya Pradesh,359.0,186400.0,05192020165845MSMP_MARCH_REV_2019.pdf
2020,Iron Ore,Maharashtra,323.0,500406.0,05192020165845MSMP_MARCH_REV_2019.pdf
2020,Iron Ore,Odisha,34398.0,69584107.0,05192020165845MSMP_MARCH_REV_2019.pdf
2020,Iron Ore,Rajasthan,126.0,43505.0,05192020165845MSMP_MARCH_REV_2019.pdf
2020,Iron Ore,Andhra Pradesh,272.0,82801.0,05192020165845MSMP_MARCH_REV_2019.pdf
2020,Iron Ore,Chhattisgarh,22196.0,49765881.0,05192020165845MSMP_MARCH_REV_2019.pdf
2020,Iron Ore,Jharkhand,14079.0,13652480.0,05192020165845MSMP_MARCH_REV_2019.pdf
2020,Iron Ore,Karnataka,19264.0,46776633.0,05192020165845MSMP_MARCH_REV_2019.pdf
2020,Iron Ore,Madhya Pradesh,2384.0,1053312.0,05192020165845MSMP_MARCH_REV_2019.pdf
2020,Iron Ore,Maharashtra,617.0,528698.0,05192020165845MSMP_MARCH_REV_2019.pdf
2020,Iron Ore,Odisha,67504.0,80870647.0,05192020165845MSMP_MARCH_REV_2019.pdf
2020,Iron Ore,Rajasthan,4.0,1092.0,05192020165845MSMP_MARCH_REV_2019.pdf
2020,Iron Ore,Odisha,284.0,390354.0,05192020165845MSMP_MARCH_REV_2019.pdf
2020,Iron Ore,Rajasthan,1190.0,4021465.0,05192020165845MSMP_MARCH_REV_2019.pdf
2020,Limestone,Andhra Pradesh,38889.0,8567180.0,05192020165845MSMP_MARCH_REV_2019.pdf
2020,Limestone,Chhattisgarh,36391.0,8652173.0,05192020165845MSMP_MARCH_REV_2019.pdf
2020,Limestone,Gujarat,26019.0,5414111.0,05192020165845MSMP_MARCH_REV_2019.pdf
2020,Limestone,Jharkhand,1190.0,976218.0,05192020165845MSMP_MARCH_REV_2019.pdf
2020,Limestone,Karnataka,30059.0,5725156.0,05192020165845MSMP_MARCH_REV_2019.pdf
2020,Limestone,Madhya Pradesh,43060.0,10779367.0,05192020165845MSMP_MARCH_REV_2019.pdf
2020,Limestone,Maharashtra,14152.0,3134365.0,05192020165845MSMP_MARCH_REV_2019.pdf
2020,Limestone,Odisha,4968.0,1578887.0,05192020165845MSMP_MARCH_REV_2019.pdf
2020,Limestone,Rajasthan,74138.0,17482060.0,05192020165845MSMP_MARCH_REV_2019.pdf
2020,Limestone,Tamil Nadu,20538.0,5994269.0,05192020165845MSMP_MARCH_REV_2019.pdf
2020,Limestone,Karnataka,4537.0,12806.0,05192020165845MSMP_MARCH_REV_2019.pdf
2020,Limestone,Karnataka,8419.0,42682.0,05192020165845MSMP_MARCH_REV_2019.pdf
2020,Limestone,Tamil Nadu,122430.0,444771.0,05192020165845MSMP_MARCH_REV_2019.pdf
2020,Limestone,Gujarat,1870836.0,295367.0,05192020165845MSMP_MARCH_REV_2019.pdf
2020,Limestone,Tamil Nadu,98960.0,35922.0,05192020165845MSMP_MARCH_REV_2019.pdf
2020,Limestone,Chhattisgarh,7100.0,1804.0,05192020165845MSMP_MARCH_REV_2019.pdf
2020,Limestone,Rajasthan,469.0,939.0,05192020165845MSMP_MARCH_REV_2019.pdf
2020,Limestone,Rajasthan,86662.0,53164.0,05192020165845MSMP_MARCH_REV_2019.pdf
2020,Limestone,Gujarat,95343.0,0.0,05192020165845MSMP_MARCH_REV_2019.pdf
2020,Limestone,Maharashtra,58904.0,0.0,05192020165845MSMP_MARCH_REV_2019.pdf
2020,Limestone,Odisha,231075.0,0.0,05192020165845MSMP_MARCH_REV_2019.pdf
2020,Limestone,Andhra Pradesh,4790.0,2891.0,05192020165845MSMP_MARCH_REV_2019.pdf
2020,Limestone,Tamil Nadu,1264.0,4184.0,05192020165845MSMP_MARCH_REV_2019.pdf
2020,Limestone,Rajasthan,153049.0,126025.0,05192020165845MSMP_MARCH_REV_2019.pdf
2020,Limestone,Chhattisgarh,3580.0,2688.0,05192020165845MSMP_MARCH_REV_2019.pdf
2020,Limestone,Jharkhand,112.0,186.0,05192020165845MSMP_MARCH_REV_2019.pdf
2020,Limestone,Karnataka,1760.0,2100.0,05192020165845MSMP_MARCH_REV_2019.pdf
2020,Limestone,Odisha,7408.0,7691.0,05192020165845MSMP_MARCH_REV_2019.pdf
2020,Limestone,Rajasthan,22.0,21.0,05192020165845MSMP_MARCH_REV_2019.pdf
2022,Limestone,Rajasthan,91.0,84.0,04042022180822MSMP Mar 2020 _final release.pdf
2022,Limestone,Karnataka,10.8,86.0,04042022180822MSMP Mar 2020 _final release.pdf
2022,Limestone,Andhra Pradesh,10744900.0,13028300.0,04042022180822MSMP Mar 2020 _final release.pdf
2022,Limestone,Chhattisgarh,111251622.0,108275361.0,04042022180822MSMP Mar 2020 _final release.pdf
2022,Limestone,Gujarat,6526770.0,7399255.0,04042022180822MSMP Mar 2020 _final release.pdf
2022,Limestone,Jharkhand,31184109.0,31166341.0,04042022180822MSMP Mar 2020 _final release.pdf
2022,Limestone,Karnataka,81286362.0,84803138.0,04042022180822MSMP Mar 2020 _final release.pdf
2022,Limestone,Madhya Pradesh,25062614.0,26094884.0,04042022180822MSMP Mar 2020 _final release.pdf
2022,Limestone,Maharashtra,11235353.0,13105218.0,04042022180822MSMP Mar 2020 _final release.pdf
2022,Limestone,Odisha,327555460.0,304448325.0,04042022180822MSMP Mar 2020 _final release.pdf
2022,Limestone,Rajasthan,125002903.0,129998330.0,04042022180822MSMP Mar 2020 _final release.pdf
2022,Limestone,Tamil Nadu,6660227.0,7230147.0,04042022180822MSMP Mar 2020 _final release.pdf
2022,Limestone,Andhra Pradesh,1900184.0,1442102.0,04042022180822MSMP Mar 2020 _final release.pdf
2022,Limestone,Chhattisgarh,101647290.0,98607790.0,04042022180822MSMP Mar 2020 _final release.pdf
2022,Limestone,Gujarat,1348770.0,1412294.0,04042022180822MSMP Mar 2020 _final release.pdf
2022,Limestone,Andhra Pradesh,8844716.0,11586198.0,04042022180822MSMP Mar 2020 _final release.pdf
2022,Limestone,Chhattisgarh,9604332.0,9667571.0,04042022180822MSMP Mar 2020 _final release.pdf
2022,Limestone,Gujarat,5178000.0,5986961.0,04042022180822MSMP Mar 2020 _final release.pdf
2022,Limestone,Chhattisgarh,157064.0,161893.0,04042022180822MSMP Mar 2020 _final release.pdf
2022,Limestone,Jharkhand,133358.0,134666.0,04042022180822MSMP Mar 2020 _final release.pdf
2022,Limestone,Madhya Pradesh,125582.0,118661.0,04042022180822MSMP Mar 2020 _final release.pdf
2022,Limestone,Maharashtra,54762.0,49818.0,04042022180822MSMP Mar 2020 _final release.pdf
2022,Limestone,Odisha,140861.0,144312.0,04042022180822MSMP Mar 2020 _final release.pdf
2022,Limestone,Gujarat,10389.0,12565.0,04042022180822MSMP Mar 2020 _final release.pdf
2022,Limestone,Rajasthan,6850.0,8676.0,04042022180822MSMP Mar 2020 _final release.pdf
2022,Limestone,Tamil Nadu,24946.0,23041.0,04042022180822MSMP Mar 2020 _final release.pdf
2022,Limestone,Andhra Pradesh,875.0,1081.0,04042022180822MSMP Mar 2020 _final release.pdf
2022,Limestone,Gujarat,1288.0,1402.0,04042022180822MSMP Mar 2020 _final release.pdf
2022,Limestone,Madhya Pradesh,344.0,357.0,04042022180822MSMP Mar 2020 _final release.pdf
2022,Limestone,Rajasthan,1773.0,1483.0,04042022180822MSMP Mar 2020 _final release.pdf
2022,Limestone,Tamil Nadu,1051.0,1208.0,04042022180822MSMP Mar 2020 _final release.pdf
2022,Limestone,Andhra Pradesh,244.0,296.0,04042022180822MSMP Mar 2020 _final release.pdf
2022,Limestone,Gujarat,4707.0,4626.0,04042022180822MSMP Mar 2020 _final release.pdf
2022,Limestone,Rajasthan,6652.0,7667.0,04042022180822MSMP Mar 2020 _final release.pdf
2022,Limestone,Tamil Nadu,416.0,395.0,04042022180822MSMP Mar 2020 _final release.pdf
2022,Iron Ore,Andhra Pradesh,654.0,402616.0,04042022180822MSMP Mar 2020 _final release.pdf
2022,Iron Ore,Chhattisgarh,34893.0,96985465.0,04042022180822MSMP Mar 2020 _final release.pdf
2022,Iron Ore,Jharkhand,28897864.0,23433.0,04042022180822MSMP Mar 2020 _final release.pdf
2022,Iron Ore,Karnataka,66546365.0,29823.0,04042022180822MSMP Mar 2020 _final release.pdf
2022,Iron Ore,Madhya Pradesh,1729975.0,2802.0,04042022180822MSMP Mar 2020 _final release.pdf
2022,Iron Ore,Maharashtra,1280677.0,660.0,04042022180822MSMP Mar 2020 _final release.pdf
2022,Iron Ore,Odisha,278322931.0,113119.0,04042022180822MSMP Mar 2020 _final release.pdf
2022,Iron Ore,Rajasthan,3627536.0,1108.0,04042022180822MSMP Mar 2020 _final release.pdf
2022,Iron Ore,Andhra Pradesh,362.0,269587.0,04042022180822MSMP Mar 2020 _final release.pdf
2022,Iron Ore,Chhattisgarh,11657.0,34056295.0,04042022180822MSMP Mar 2020 _final release.pdf
2022,Iron Ore,Jharkhand,10051725.0,6272.0,04042022180822MSMP Mar 2020 _final release.pdf
2022,Iron Ore,Karnataka,24977063.0,9175.0,04042022180822MSMP Mar 2020 _final release.pdf
2022,Iron Ore,Madhya Pradesh,689247.0,535.0,04042022180822MSMP Mar 2020 _final release.pdf
2022,Iron Ore,Maharashtra,180171.0,283.0,04042022180822MSMP Mar 2020 _final release.pdf
2022,Iron Ore,Odisha,121557457.0,38238.0,04042022180822MSMP Mar 2020 _final release.pdf
2022,Iron Ore,Rajasthan,50739.0,155.0,04042022180822MSMP Mar 2020 _final release.pdf
2022,Iron Ore,Andhra Pradesh,292.0,133029.0,04042022180822MSMP Mar 2020 _final release.pdf
2022,Iron Ore,Chhattisgarh,23236.0,62929170.0,04042022180822MSMP Mar 2020 _final release.pdf
2022,Iron Ore,Jharkhand,18846139.0,17161.0,04042022180822MSMP Mar 2020 _final release.pdf
2022,Iron Ore,Karnataka,41569302.0,20648.0,04042022180822MSMP Mar 2020 _final release.pdf
2022,Iron Ore,Madhya Pradesh,1040728.0,2267.0,04042022180822MSMP Mar 2020 _final release.pdf
2022,Iron Ore,Maharashtra,1100506.0,377.0,04042022180822MSMP Mar 2020 _final release.pdf
2022,Iron Ore,Odisha,156145292.0,74374.0,04042022180822MSMP Mar 2020 _final release.pdf
2022,Iron Ore,Odisha,507.0,1007402.0,04042022180822MSMP Mar 2020 _final release.pdf
2022,Iron Ore,Rajasthan,953.0,3847749.0,04042022180822MSMP Mar 2020 _final release.pdf
2022,Limestone,Andhra Pradesh,48295.0,10227864.0,04042022180822MSMP Mar 2020 _final release.pdf
2022,Limestone,Chhattisgarh,42398.0,9663426.0,04042022180822MSMP Mar 2020 _final release.pdf
2022,Limestone,Gujarat,26651.0,5662241.0,04042022180822MSMP Mar 2020 _final release.pdf
2022,Limestone,Jharkhand,327070.0,1248.0,04042022180822MSMP Mar 2020 _final release.pdf
2022,Limestone,Karnataka,5965418.0,34378.0,04042022180822MSMP Mar 2020 _final release.pdf
2022,Limestone,Madhya Pradesh,11380798.0,50102.0,04042022180822MSMP Mar 2020 _final release.pdf
2022,Limestone,Maharashtra,3385790.0,14991.0,04042022180822MSMP Mar 2020 _final release.pdf
2022,Limestone,Odisha,1808905.0,5289.0,04042022180822MSMP Mar 2020 _final release.pdf
2022,Limestone,Rajasthan,17547327.0,76567.0,04042022180822MSMP Mar 2020 _final release.pdf
2022,Limestone,Tamil Nadu,6370759.0,23864.0,04042022180822MSMP Mar 2020 _final release.pdf
2022,Limestone,Karnataka,3538.0,10699.0,04042022180822MSMP Mar 2020 _final release.pdf
2022,Limestone,Karnataka,9108.0,56368.0,04042022180822MSMP Mar 2020 _final release.pdf
2022,Limestone,Tamil Nadu,50644.0,198355.0,04042022180822MSMP Mar 2020 _final release.pdf
2022,Limestone,Gujarat,1794940.0,324720.0,04042022180822MSMP Mar 2020 _final release.pdf
2022,Limestone,Tamil Nadu,95368.0,24700.0,04042022180822MSMP Mar 2020 _final release.pdf
2022,Limestone,Chhattisgarh,14805.0,4145.0,04042022180822MSMP Mar 2020 _final release.pdf
2022,Limestone,Rajasthan,2906.0,5812.0,04042022180822MSMP Mar 2020 _final release.pdf
2022,Limestone,Rajasthan,80237.0,50206.0,04042022180822MSMP Mar 2020 _final release.pdf
2022,Limestone,Gujarat,91962.0,0.0,04042022180822MSMP Mar 2020 _final release.pdf
2022,Limestone,Maharashtra,46967.0,0.0,04042022180822MSMP Mar 2020 _final release.pdf
2022,Limestone,Odisha,239344.0,0.0,04042022180822MSMP Mar 2020 _final release.pdf
2022,Limestone,Andhra Pradesh,2286.0,1372.0,04042022180822MSMP Mar 2020 _final release.pdf
2022,Limestone,Tamil Nadu,706.0,2337.0,04042022180822MSMP Mar 2020 _final release.pdf
2022,Limestone,Rajasthan,184063.0,172013.0,04042022180822MSMP Mar 2020 _final release.pdf
2022,Limestone,Chhattisgarh,2510.0,2817.0,04042022180822MSMP Mar 2020 _final release.pdf
2022,Limestone,Jharkhand,200.0,185.0,04042022180822MSMP Mar 2020 _final release.pdf
2022,Limestone,Karnataka,921.0,1522.0,04042022180822MSMP Mar 2020 _final release.pdf
2022,Limestone,Odisha,9868.0,12729.0,04042022180822MSMP Mar 2020 _final release.pdf
2022,Limestone,Rajasthan,43.0,28.0,04042022180822MSMP Mar 2020 _final release.pdf
2022,Limestone,Rajasthan,92.0,82.0,02102022164140MSMP_Mar_21_advance release.pdf
2022,Limestone,Karnataka,12.6,87.0,02102022164140MSMP_Mar_21_advance release.pdf
2022,Limestone,Andhra Pradesh,10029334.0,10941164.0,02102022164140MSMP_Mar_21_advance release.pdf
2022,Limestone,Chhattisgarh,144405882.0,110977875.0,02102022164140MSMP_Mar_21_advance release.pdf
2022,Limestone,Gujarat,6432943.0,6962903.0,02102022164140MSMP_Mar_21_advance release.pdf
2022,Limestone,Andhra Pradesh,1262375.0,1672502.0,02102022164140MSMP_Mar_21_advance release.pdf
2022,Limestone,Chhattisgarh,134983729.0,100773037.0,02102022164140MSMP_Mar_21_advance release.pdf
2022,Limestone,Gujarat,1196637.0,1439889.0,02102022164140MSMP_Mar_21_advance release.pdf
2022,Limestone,Andhra Pradesh,8766959.0,9268662.0,02102022164140MSMP_Mar_21_advance release.pdf
2022,Limestone,Chhattisgarh,9422153.0,10204838.0,02102022164140MSMP_Mar_21_advance release.pdf
2022,Limestone,Gujarat,5236306.0,5523014.0,02102022164140MSMP_Mar_21_advance release.pdf
2022,Limestone,Tamil Nadu,5913155.0,7469066.0,02102022164140MSMP_Mar_21_advance release.pdf
2022,Limestone,Chhattisgarh,158409.0,157745.0,02102022164140MSMP_Mar_21_advance release.pdf
2022,Limestone,Jharkhand,119296.0,131763.0,02102022164140MSMP_Mar_21_advance release.pdf
2022,Limestone,Madhya Pradesh,132531.0,125726.0,02102022164140MSMP_Mar_21_advance release.pdf
2022,Limestone,Maharashtra,47435.0,54746.0,02102022164140MSMP_Mar_21_advance release.pdf
2022,Limestone,Odisha,154150.0,143016.0,02102022164140MSMP_Mar_21_advance release.pdf
2022,Limestone,Gujarat,9533.0,10357.0,02102022164140MSMP_Mar_21_advance release.pdf
2022,Limestone,Rajasthan,9056.0,8223.0,02102022164140MSMP_Mar_21_advance release.pdf
2022,Limestone,Tamil Nadu,18026.0,23516.0,02102022164140MSMP_Mar_21_advance release.pdf
2022,Limestone,Andhra Pradesh,827.0,912.0,02102022164140MSMP_Mar_21_advance release.pdf
2022,Limestone,Gujarat,1138.0,1342.0,02102022164140MSMP_Mar_21_advance release.pdf
2022,Limestone,Madhya Pradesh,334.0,345.0,02102022164140MSMP_Mar_21_advance release.pdf
2022,Limestone,Rajasthan,2040.0,1883.0,02102022164140MSMP_Mar_21_advance release.pdf
2022,Limestone,Tamil Nadu,911.0,1097.0,02102022164140MSMP_Mar_21_advance release.pdf
2022,Limestone,Andhra Pradesh,195.0,244.0,02102022164140MSMP_Mar_21_advance release.pdf
2022,Limestone,Gujarat,4651.0,4707.0,02102022164140MSMP_Mar_21_advance release.pdf
2022,Limestone,Rajasthan,5891.0,6652.0,02102022164140MSMP_Mar_21_advance release.pdf
2022,Limestone,Tamil Nadu,410.0,416.0,02102022164140MSMP_Mar_21_advance release.pdf
2022,Iron Ore,Andhra Pradesh,825.0,613393.0,02102022164140MSMP_Mar_21_advance release.pdf
2022,Iron Ore,Chhattisgarh,34728.0,99153323.0,02102022164140MSMP_Mar_21_advance release.pdf
2022,Iron Ore,Jharkhand,25694610.0,25015.0,02102022164140MSMP_Mar_21_advance release.pdf
2022,Iron Ore,Karnataka,85430466.0,31392.0,02102022164140MSMP_Mar_21_advance release.pdf
2022,Iron Ore,Madhya Pradesh,2165967.0,3343.0,02102022164140MSMP_Mar_21_advance release.pdf
2022,Iron Ore,Maharashtra,1680086.0,1131.0,02102022164140MSMP_Mar_21_advance release.pdf
2022,Iron Ore,Odisha,240326857.0,146637.0,02102022164140MSMP_Mar_21_advance release.pdf
2022,Iron Ore,Rajasthan,3982372.0,1012.0,02102022164140MSMP_Mar_21_advance release.pdf
2022,Iron Ore,Andhra Pradesh,508.0,424030.0,02102022164140MSMP_Mar_21_advance release.pdf
2022,Iron Ore,Chhattisgarh,12191.0,38230890.0,02102022164140MSMP_Mar_21_advance release.pdf
2022,Iron Ore,Jharkhand,6689282.0,6954.0,02102022164140MSMP_Mar_21_advance release.pdf
2022,Iron Ore,Karnataka,32995840.0,9248.0,02102022164140MSMP_Mar_21_advance release.pdf
2022,Iron Ore,Madhya Pradesh,1467.0,687760.0,02102022164140MSMP_Mar_21_advance release.pdf
2022,Iron Ore,Maharashtra,93.0,197711.0,02102022164140MSMP_Mar_21_advance release.pdf
2022,Iron Ore,Odisha,45363.0,121484813.0,02102022164140MSMP_Mar_21_advance release.pdf
2022,Iron Ore,Rajasthan,188.0,51060.0,02102022164140MSMP_Mar_21_advance release.pdf
2022,Iron Ore,Andhra Pradesh,317.0,189363.0,02102022164140MSMP_Mar_21_advance release.pdf
2022,Iron Ore,Chhattisgarh,22537.0,60922433.0,02102022164140MSMP_Mar_21_advance release.pdf
2022,Iron Ore,Jharkhand,19005328.0,18061.0,02102022164140MSMP_Mar_21_advance release.pdf
2022,Iron Ore,Karnataka,52434626.0,22144.0,02102022164140MSMP_Mar_21_advance release.pdf
2022,Iron Ore,Madhya Pradesh,1695268.0,1876.0,02102022164140MSMP_Mar_21_advance release.pdf
2022,Iron Ore,Maharashtra,1411902.0,1038.0,02102022164140MSMP_Mar_21_advance release.pdf
2022,Iron Ore,Odisha,143490894.0,100916.0,02102022164140MSMP_Mar_21_advance release.pdf
2022,Iron Ore,Rajasthan,1.0,908.0,02102022164140MSMP_Mar_21_advance release.pdf
2022,Iron Ore,Odisha,358.0,700828.0,02102022164140MSMP_Mar_21_advance release.pdf
2022,Iron Ore,Rajasthan,824.0,3625890.0,02102022164140MSMP_Mar_21_advance release.pdf
2022,Limestone,Andhra Pradesh,42532.0,9267248.0,02102022164140MSMP_Mar_21_advance release.pdf
2022,Limestone,Chhattisgarh,42699.0,10200663.0,02102022164140MSMP_Mar_21_advance release.pdf
2022,Limestone,Gujarat,22868.0,5204303.0,02102022164140MSMP_Mar_21_advance release.pdf
2022,Limestone,Jharkhand,157084.0,785.0,02102022164140MSMP_Mar_21_advance release.pdf
2022,Limestone,Karnataka,5965087.0,34165.0,02102022164140MSMP_Mar_21_advance release.pdf
2022,Limestone,Madhya Pradesh,11824339.0,47118.0,02102022164140MSMP_Mar_21_advance release.pdf
2022,Limestone,Maharashtra,3341414.0,14614.0,02102022164140MSMP_Mar_21_advance release.pdf
2022,Limestone,Odisha,2234688.0,5627.0,02102022164140MSMP_Mar_21_advance release.pdf
2022,Limestone,Rajasthan,18357853.0,72390.0,02102022164140MSMP_Mar_21_advance release.pdf
2022,Limestone,Tamil Nadu,5531065.0,24461.0,02102022164140MSMP_Mar_21_advance release.pdf
2022,Limestone,Karnataka,1017.0,3051.0,02102022164140MSMP_Mar_21_advance release.pdf
2022,Limestone,Karnataka,7198.0,48309.0,02102022164140MSMP_Mar_21_advance release.pdf
2022,Limestone,Tamil Nadu,51147.0,222293.0,02102022164140MSMP_Mar_21_advance release.pdf
2022,Limestone,Gujarat,1646104.0,318711.0,02102022164140MSMP_Mar_21_advance release.pdf
2022,Limestone,Tamil Nadu,502750.0,93752.0,02102022164140MSMP_Mar_21_advance release.pdf
2022,Limestone,Chhattisgarh,12905.0,3766.0,02102022164140MSMP_Mar_21_advance release.pdf
2022,Limestone,Rajasthan,2154.0,4206.0,02102022164140MSMP_Mar_21_advance release.pdf
2022,Limestone,Rajasthan,19367.0,11710.0,02102022164140MSMP_Mar_21_advance release.pdf
2022,Limestone,Gujarat,97107.0,0.0,02102022164140MSMP_Mar_21_advance release.pdf
2022,Limestone,Maharashtra,55659.0,0.0,02102022164140MSMP_Mar_21_advance release.pdf
2022,Limestone,Odisha,253697.0,0.0,02102022164140MSMP_Mar_21_advance release.pdf
2022,Limestone,Andhra Pradesh,2190.0,1414.0,02102022164140MSMP_Mar_21_advance release.pdf
2022,Limestone,Tamil Nadu,584.0,1933.0,02102022164140MSMP_Mar_21_advance release.pdf
2022,Limestone,Rajasthan,124757.0,139695.0,02102022164140MSMP_Mar_21_advance release.pdf
2022,Limestone,Chhattisgarh,3886.0,3104.0,02102022164140MSMP_Mar_21_advance release.pdf
2022,Limestone,Jharkhand,12.0,0.0,02102022164140MSMP_Mar_21_advance release.pdf
2022,Limestone,Karnataka,2175.0,2550.0,02102022164140MSMP_Mar_21_advance release.pdf
2022,Limestone,Maharashtra,333.0,216.0,02102022164140MSMP_Mar_21_advance release.pdf
2022,Limestone,Odisha,7278.0,6921.0,02102022164140MSMP_Mar_21_advance release.pdf
2022,Limestone,Rajasthan,16.0,14.0,02102022164140MSMP_Mar_21_advance release.pdf
2022,Limestone,Rajasthan,90.0,86.0,1681803787643e4a0bc1284MSMP_March_2022_FINAL_REV.pdf
2022,Limestone,Karnataka,13.2,89.0,1681803787643e4a0bc1284MSMP_March_2022_FINAL_REV.pdf
2022,Limestone,Andhra Pradesh,11818506.0,9794472.0,1681803787643e4a0bc1284MSMP_March_2022_FINAL_REV.pdf
2022,Limestone,Chhattisgarh,230232152.0,143109353.0,1681803787643e4a0bc1284MSMP_March_2022_FINAL_REV.pdf
2022,Limestone,Gujarat,6776292.0,6522950.0,1681803787643e4a0bc1284MSMP_March_2022_FINAL_REV.pdf
2022,Limestone,Jharkhand,57898729.0,30444062.0,1681803787643e4a0bc1284MSMP_March_2022_FINAL_REV.pdf
2022,Limestone,Karnataka,175715632.0,108321752.0,1681803787643e4a0bc1284MSMP_March_2022_FINAL_REV.pdf
2022,Limestone,Madhya Pradesh,32392633.0,26568178.0,1681803787643e4a0bc1284MSMP_March_2022_FINAL_REV.pdf
2022,Limestone,Maharashtra,19196909.0,12050858.0,1681803787643e4a0bc1284MSMP_March_2022_FINAL_REV.pdf
2022,Limestone,Odisha,585505027.0,300435696.0,1681803787643e4a0bc1284MSMP_March_2022_FINAL_REV.pdf
2022,Limestone,Rajasthan,187238619.0,157310470.0,1681803787643e4a0bc1284MSMP_March_2022_FINAL_REV.pdf
2022,Limestone,Tamil Nadu,6843868.0,6248937.0,1681803787643e4a0bc1284MSMP_March_2022_FINAL_REV.pdf
2022,Limestone,Andhra Pradesh,1372608.0,1108854.0,1681803787643e4a0bc1284MSMP_March_2022_FINAL_REV.pdf
2022,Limestone,Chhattisgarh,219217110.0,132963188.0,1681803787643e4a0bc1284MSMP_March_2022_FINAL_REV.pdf
2022,Limestone,Gujarat,1683681.0,1198490.0,1681803787643e4a0bc1284MSMP_March_2022_FINAL_REV.pdf
2022,Limestone,Jharkhand,57858284.0,30204748.0,1681803787643e4a0bc1284MSMP_March_2022_FINAL_REV.pdf
2022,Limestone,Karnataka,168044840.0,102180049.0,1681803787643e4a0bc1284MSMP_March_2022_FINAL_REV.pdf
2022,Limestone,Madhya Pradesh,17480632.0,13448866.0,1681803787643e4a0bc1284MSMP_March_2022_FINAL_REV.pdf
2022,Limestone,Maharashtra,15307311.0,8550934.0,1681803787643e4a0bc1284MSMP_March_2022_FINAL_REV.pdf
2022,Limestone,Odisha,583030671.0,298270483.0,1681803787643e4a0bc1284MSMP_March_2022_FINAL_REV.pdf
2022,Limestone,Rajasthan,157361601.0,133094354.0,1681803787643e4a0bc1284MSMP_March_2022_FINAL_REV.pdf
2022,Limestone,Andhra Pradesh,10445898.0,8685618.0,1681803787643e4a0bc1284MSMP_March_2022_FINAL_REV.pdf
2022,Limestone,Chhattisgarh,11015042.0,10146165.0,1681803787643e4a0bc1284MSMP_March_2022_FINAL_REV.pdf
2022,Limestone,Gujarat,5092611.0,5324460.0,1681803787643e4a0bc1284MSMP_March_2022_FINAL_REV.pdf
2022,Limestone,Jharkhand,40445.0,239314.0,1681803787643e4a0bc1284MSMP_March_2022_FINAL_REV.pdf
2022,Limestone,Karnataka,7670792.0,6141703.0,1681803787643e4a0bc1284MSMP_March_2022_FINAL_REV.pdf
2022,Limestone,Madhya Pradesh,14912001.0,13119312.0,1681803787643e4a0bc1284MSMP_March_2022_FINAL_REV.pdf
2022,Limestone,Maharashtra,3889598.0,3499924.0,1681803787643e4a0bc1284MSMP_March_2022_FINAL_REV.pdf
2022,Limestone,Odisha,2474356.0,2165213.0,1681803787643e4a0bc1284MSMP_March_2022_FINAL_REV.pdf
2022,Limestone,Rajasthan,29877018.0,24216116.0,1681803787643e4a0bc1284MSMP_March_2022_FINAL_REV.pdf
2022,Limestone,Chhattisgarh,154120.0,158410.0,1681803787643e4a0bc1284MSMP_March_2022_FINAL_REV.pdf
2022,Limestone,Jharkhand,130104.0,119295.0,1681803787643e4a0bc1284MSMP_March_2022_FINAL_REV.pdf
2022,Limestone,Odisha,185069.0,154151.0,1681803787643e4a0bc1284MSMP_March_2022_FINAL_REV.pdf
2022,Limestone,Gujarat,13330.0,10813.0,1681803787643e4a0bc1284MSMP_March_2022_FINAL_REV.pdf
2022,Limestone,Rajasthan,10525.0,9056.0,1681803787643e4a0bc1284MSMP_March_2022_FINAL_REV.pdf
2022,Limestone,Tamil Nadu,23635.0,18026.0,1681803787643e4a0bc1284MSMP_March_2022_FINAL_REV.pdf
2022,Limestone,Andhra Pradesh,809.0,828.0,1681803787643e4a0bc1284MSMP_March_2022_FINAL_REV.pdf
2022,Limestone,Gujarat,1017.0,1138.0,1681803787643e4a0bc1284MSMP_March_2022_FINAL_REV.pdf
2022,Limestone,Madhya Pradesh,290.0,334.0,1681803787643e4a0bc1284MSMP_March_2022_FINAL_REV.pdf
2022,Limestone,Rajasthan,2619.0,2040.0,1681803787643e4a0bc1284MSMP_March_2022_FINAL_REV.pdf
2022,Limestone,Tamil Nadu,1067.0,911.0,1681803787643e4a0bc1284MSMP_March_2022_FINAL_REV.pdf
2022,Limestone,Andhra Pradesh,202.0,195.0,1681803787643e4a0bc1284MSMP_March_2022_FINAL_REV.pdf
2022,Limestone,Gujarat,4626.0,4651.0,1681803787643e4a0bc1284MSMP_March_2022_FINAL_REV.pdf
2022,Limestone,Rajasthan,5888.0,5891.0,1681803787643e4a0bc1284MSMP_March_2022_FINAL_REV.pdf
2022,Limestone,Tamil Nadu,367.0,410.0,1681803787643e4a0bc1284MSMP_March_2022_FINAL_REV.pdf
2022,Iron Ore,Andhra Pradesh,349.0,260233.0,1681803787643e4a0bc1284MSMP_March_2022_FINAL_REV.pdf
2022,Iron Ore,Chhattisgarh,36839.0,132201316.0,1681803787643e4a0bc1284MSMP_March_2022_FINAL_REV.pdf
2022,Iron Ore,Jharkhand,21434.0,28520399.0,1681803787643e4a0bc1284MSMP_March_2022_FINAL_REV.pdf
2022,Iron Ore,Karnataka,34500.0,94390860.0,1681803787643e4a0bc1284MSMP_March_2022_FINAL_REV.pdf
2022,Iron Ore,Madhya Pradesh,4094.0,2146870.0,1681803787643e4a0bc1284MSMP_March_2022_FINAL_REV.pdf
2022,Iron Ore,Maharashtra,1249.0,1732866.0,1681803787643e4a0bc1284MSMP_March_2022_FINAL_REV.pdf
2022,Iron Ore,Odisha,104485.0,262035370.0,1681803787643e4a0bc1284MSMP_March_2022_FINAL_REV.pdf
2022,Iron Ore,Rajasthan,1088.0,5106818.0,1681803787643e4a0bc1284MSMP_March_2022_FINAL_REV.pdf
2022,Iron Ore,Andhra Pradesh,213.0,181601.0,1681803787643e4a0bc1284MSMP_March_2022_FINAL_REV.pdf
2022,Iron Ore,Chhattisgarh,12710.0,52033594.0,1681803787643e4a0bc1284MSMP_March_2022_FINAL_REV.pdf
2022,Iron Ore,Jharkhand,4827.0,7279890.0,1681803787643e4a0bc1284MSMP_March_2022_FINAL_REV.pdf
2022,Iron Ore,Karnataka,10108.0,36892352.0,1681803787643e4a0bc1284MSMP_March_2022_FINAL_REV.pdf
2022,Iron Ore,Madhya Pradesh,859.0,463231.0,1681803787643e4a0bc1284MSMP_March_2022_FINAL_REV.pdf
2022,Iron Ore,Maharashtra,113.0,253928.0,1681803787643e4a0bc1284MSMP_March_2022_FINAL_REV.pdf
2022,Iron Ore,Odisha,32699.0,101296238.0,1681803787643e4a0bc1284MSMP_March_2022_FINAL_REV.pdf
2022,Iron Ore,Rajasthan,57.0,28992.0,1681803787643e4a0bc1284MSMP_March_2022_FINAL_REV.pdf
2022,Iron Ore,Andhra Pradesh,136.0,78632.0,1681803787643e4a0bc1284MSMP_March_2022_FINAL_REV.pdf
2022,Iron Ore,Chhattisgarh,24129.0,80167722.0,1681803787643e4a0bc1284MSMP_March_2022_FINAL_REV.pdf
2022,Iron Ore,Jharkhand,16607.0,21240509.0,1681803787643e4a0bc1284MSMP_March_2022_FINAL_REV.pdf
2022,Iron Ore,Karnataka,24392.0,57498508.0,1681803787643e4a0bc1284MSMP_March_2022_FINAL_REV.pdf
2022,Iron Ore,Madhya Pradesh,3235.0,1683140.0,1681803787643e4a0bc1284MSMP_March_2022_FINAL_REV.pdf
2022,Iron Ore,Maharashtra,1136.0,1478938.0,1681803787643e4a0bc1284MSMP_March_2022_FINAL_REV.pdf
2022,Iron Ore,Odisha,71626.0,160300893.0,1681803787643e4a0bc1284MSMP_March_2022_FINAL_REV.pdf
2022,Iron Ore,Odisha,160.0,438239.0,1681803787643e4a0bc1284MSMP_March_2022_FINAL_REV.pdf
2022,Iron Ore,Rajasthan,1030.0,5076666.0,1681803787643e4a0bc1284MSMP_March_2022_FINAL_REV.pdf
2022,Limestone,Andhra Pradesh,41148.0,8685149.0,1681803787643e4a0bc1284MSMP_March_2022_FINAL_REV.pdf
2022,Limestone,Chhattisgarh,40378.0,10139974.0,1681803787643e4a0bc1284MSMP_March_2022_FINAL_REV.pdf
2022,Limestone,Gujarat,22227.0,5080904.0,1681803787643e4a0bc1284MSMP_March_2022_FINAL_REV.pdf
2022,Limestone,Jharkhand,324.0,233245.0,1681803787643e4a0bc1284MSMP_March_2022_FINAL_REV.pdf
2022,Limestone,Karnataka,33188.0,6095069.0,1681803787643e4a0bc1284MSMP_March_2022_FINAL_REV.pdf
2022,Limestone,Madhya Pradesh,46099.0,12879609.0,1681803787643e4a0bc1284MSMP_March_2022_FINAL_REV.pdf
2022,Limestone,Maharashtra,13943.0,3476065.0,1681803787643e4a0bc1284MSMP_March_2022_FINAL_REV.pdf
2022,Limestone,Odisha,7186.0,2118507.0,1681803787643e4a0bc1284MSMP_March_2022_FINAL_REV.pdf
2022,Limestone,Rajasthan,74266.0,19449722.0,1681803787643e4a0bc1284MSMP_March_2022_FINAL_REV.pdf
2022,Limestone,Tamil Nadu,21144.0,5813723.0,1681803787643e4a0bc1284MSMP_March_2022_FINAL_REV.pdf
2022,Limestone,Karnataka,6611.0,39237.0,1681803787643e4a0bc1284MSMP_March_2022_FINAL_REV.pdf
2022,Limestone,Tamil Nadu,43613.0,227494.0,1681803787643e4a0bc1284MSMP_March_2022_FINAL_REV.pdf
2022,Limestone,Gujarat,1300333.0,243556.0,1681803787643e4a0bc1284MSMP_March_2022_FINAL_REV.pdf
2022,Limestone,Tamil Nadu,916081.0,173628.0,1681803787643e4a0bc1284MSMP_March_2022_FINAL_REV.pdf
2022,Limestone,Chhattisgarh,14363.0,4150.0,1681803787643e4a0bc1284MSMP_March_2022_FINAL_REV.pdf
2022,Limestone,Rajasthan,402.0,602.0,1681803787643e4a0bc1284MSMP_March_2022_FINAL_REV.pdf
2022,Limestone,Rajasthan,23823.0,14686.0,1681803787643e4a0bc1284MSMP_March_2022_FINAL_REV.pdf
2022,Limestone,Gujarat,82450.0,0.0,1681803787643e4a0bc1284MSMP_March_2022_FINAL_REV.pdf
2022,Limestone,Maharashtra,41375.0,0.0,1681803787643e4a0bc1284MSMP_March_2022_FINAL_REV.pdf
2022,Limestone,Odisha,209387.0,0.0,1681803787643e4a0bc1284MSMP_March_2022_FINAL_REV.pdf
2022,Limestone,Andhra Pradesh,750.0,469.0,1681803787643e4a0bc1284MSMP_March_2022_FINAL_REV.pdf
2022,Limestone,Tamil Nadu,510.0,1688.0,1681803787643e4a0bc1284MSMP_March_2022_FINAL_REV.pdf
2022,Limestone,Rajasthan,103902.0,122210.0,1681803787643e4a0bc1284MSMP_March_2022_FINAL_REV.pdf
2022,Limestone,Chhattisgarh,3566.0,3193.0,1681803787643e4a0bc1284MSMP_March_2022_FINAL_REV.pdf
2022,Limestone,Jharkhand,11.0,19.0,1681803787643e4a0bc1284MSMP_March_2022_FINAL_REV.pdf
2022,Limestone,Karnataka,2901.0,3090.0,1681803787643e4a0bc1284MSMP_March_2022_FINAL_REV.pdf
2022,Limestone,Maharashtra,411.0,213.0,1681803787643e4a0bc1284MSMP_March_2022_FINAL_REV.pdf
2022,Limestone,Odisha,9748.0,7797.0,1681803787643e4a0bc1284MSMP_March_2022_FINAL_REV.pdf
2022,Limestone,Rajasthan,23.0,17.0,1681803787643e4a0bc1284MSMP_March_2022_FINAL_REV.pdf
2023,Limestone,Rajasthan,98.0,89.0,171385118666274b327d277MSMP_MAR_2023.pdf
2023,Limestone,Chhattisgarh,3980.0,3216.0,171385118666274b327d277MSMP_MAR_2023.pdf
2023,Limestone,Karnataka,3117.0,3119.0,171385118666274b327d277MSMP_MAR_2023.pdf
2023,Limestone,Maharashtra,770.0,138.0,171385118666274b327d277MSMP_MAR_2023.pdf
2023,Limestone,Odisha,10360.0,9394.0,171385118666274b327d277MSMP_MAR_2023.pdf
2023,Limestone,Rajasthan,1.0,1.0,171385118666274b327d277MSMP_MAR_2023.pdf
2024,Limestone,Chhattisgarh,5.9,5.9,172484840966cf1919503a4MSMP_Mar__2024.pdf
2024,Limestone,Andhra Pradesh,14829928.0,13499966.0,172484840966cf1919503a4MSMP_Mar__2024.pdf
2024,Limestone,Chhattisgarh,202471463.0,185112081.0,172484840966cf1919503a4MSMP_Mar__2024.pdf
2024,Limestone,Gujarat,7608609.0,7146276.0,172484840966cf1919503a4MSMP_Mar__2024.pdf
2024,Limestone,Jharkhand,58219591.0,51602914.0,172484840966cf1919503a4MSMP_Mar__2024.pdf
2024,Limestone,Karnataka,158610491.0,133574899.0,172484840966cf1919503a4MSMP_Mar__2024.pdf
2024,Limestone,Madhya Pradesh,38539729.0,33484024.0,172484840966cf1919503a4MSMP_Mar__2024.pdf
2024,Limestone,Maharashtra,55038428.0,33596928.0,172484840966cf1919503a4MSMP_Mar__2024.pdf
2024,Limestone,Odisha,627371011.0,541434632.0,172484840966cf1919503a4MSMP_Mar__2024.pdf
2024,Limestone,Rajasthan,216597143.0,209030877.0,172484840966cf1919503a4MSMP_Mar__2024.pdf
2024,Limestone,Tamil Nadu,8819511.0,8203880.0,172484840966cf1919503a4MSMP_Mar__2024.pdf
2024,Limestone,Andhra Pradesh,1861499.0,1483870.0,172484840966cf1919503a4MSMP_Mar__2024.pdf
2024,Limestone,Chhattisgarh,188441449.0,172114780.0,172484840966cf1919503a4MSMP_Mar__2024.pdf
2024,Limestone,Gujarat,1648656.0,1470136.0,172484840966cf1919503a4MSMP_Mar__2024.pdf
2024,Limestone,Jharkhand,58198671.0,51587516.0,172484840966cf1919503a4MSMP_Mar__2024.pdf
2024,Limestone,Karnataka,150808032.0,125378560.0,172484840966cf1919503a4MSMP_Mar__2024.pdf
2024,Limestone,Madhya Pradesh,19205878.0,15661477.0,172484840966cf1919503a4MSMP_Mar__2024.pdf
2024,Limestone,Maharashtra,50458512.0,29586997.0,172484840966cf1919503a4MSMP_Mar__2024.pdf
2024,Limestone,Odisha,624282655.0,538797947.0,172484840966cf1919503a4MSMP_Mar__2024.pdf
2024,Limestone,Rajasthan,177879795.0,170821231.0,172484840966cf1919503a4MSMP_Mar__2024.pdf
2024,Limestone,Andhra Pradesh,12968429.0,12016096.0,172484840966cf1919503a4MSMP_Mar__2024.pdf
2024,Limestone,Chhattisgarh,14030014.0,12997301.0,172484840966cf1919503a4MSMP_Mar__2024.pdf
2024,Limestone,Gujarat,5959953.0,5676140.0,172484840966cf1919503a4MSMP_Mar__2024.pdf
2024,Limestone,Jharkhand,20920.0,15398.0,172484840966cf1919503a4MSMP_Mar__2024.pdf
2024,Limestone,Karnataka,7802459.0,8196339.0,172484840966cf1919503a4MSMP_Mar__2024.pdf
2024,Limestone,Madhya Pradesh,19333851.0,17822547.0,172484840966cf1919503a4MSMP_Mar__2024.pdf
2024,Limestone,Maharashtra,4579916.0,4009931.0,172484840966cf1919503a4MSMP_Mar__2024.pdf
2024,Limestone,Odisha,3088356.0,2636685.0,172484840966cf1919503a4MSMP_Mar__2024.pdf
2024,Limestone,Rajasthan,38717348.0,38209646.0,172484840966cf1919503a4MSMP_Mar__2024.pdf
2024,Limestone,Chhattisgarh,206772.0,184895.0,172484840966cf1919503a4MSMP_Mar__2024.pdf
2024,Limestone,Jharkhand,191163.0,156483.0,172484840966cf1919503a4MSMP_Mar__2024.pdf
2024,Limestone,Madhya Pradesh,164731.0,146029.0,172484840966cf1919503a4MSMP_Mar__2024.pdf
2024,Limestone,Maharashtra,69258.0,63620.0,172484840966cf1919503a4MSMP_Mar__2024.pdf
2024,Limestone,Odisha,233816.0,218981.0,172484840966cf1919503a4MSMP_Mar__2024.pdf
2024,Limestone,Gujarat,11315.0,12313.0,172484840966cf1919503a4MSMP_Mar__2024.pdf
2024,Limestone,Rajasthan,7914.0,10197.0,172484840966cf1919503a4MSMP_Mar__2024.pdf
2024,Limestone,Tamil Nadu,23612.0,21519.0,172484840966cf1919503a4MSMP_Mar__2024.pdf
2024,Limestone,Andhra Pradesh,722.0,710.0,172484840966cf1919503a4MSMP_Mar__2024.pdf
2024,Limestone,Gujarat,926.0,923.0,172484840966cf1919503a4MSMP_Mar__2024.pdf
2024,Limestone,Jharkhand,5.0,10.0,172484840966cf1919503a4MSMP_Mar__2024.pdf
2024,Limestone,Madhya Pradesh,234.0,264.0,172484840966cf1919503a4MSMP_Mar__2024.pdf
2024,Limestone,Rajasthan,2199.0,2340.0,172484840966cf1919503a4MSMP_Mar__2024.pdf
2024,Limestone,Tamil Nadu,1016.0,1109.0,172484840966cf1919503a4MSMP_Mar__2024.pdf
2024,Limestone,Andhra Pradesh,250.0,236.0,172484840966cf1919503a4MSMP_Mar__2024.pdf
2024,Limestone,Gujarat,4951.0,4850.0,172484840966cf1919503a4MSMP_Mar__2024.pdf
2024,Limestone,Rajasthan,4421.0,5074.0,172484840966cf1919503a4MSMP_Mar__2024.pdf
2024,Limestone,Tamil Nadu,294.0,324.0,172484840966cf1919503a4MSMP_Mar__2024.pdf
2024,Iron Ore,Andhra Pradesh,137.0,96468.0,172484840966cf1919503a4MSMP_Mar__2024.pdf
2024,Iron Ore,Chhattisgarh,42488.0,170847431.0,172484840966cf1919503a4MSMP_Mar__2024.pdf
2024,Iron Ore,Jharkhand,23091.0,48359178.0,172484840966cf1919503a4MSMP_Mar__2024.pdf
2024,Iron Ore,Karnataka,39822.0,115242083.0,172484840966cf1919503a4MSMP_Mar__2024.pdf
2024,Iron Ore,Madhya Pradesh,4365.0,2475699.0,172484840966cf1919503a4MSMP_Mar__2024.pdf
2024,Iron Ore,Maharashtra,6109.0,20708375.0,172484840966cf1919503a4MSMP_Mar__2024.pdf
2024,Iron Ore,Odisha,141032.0,468696670.0,172484840966cf1919503a4MSMP_Mar__2024.pdf
2024,Iron Ore,Rajasthan,1321.0,6270497.0,172484840966cf1919503a4MSMP_Mar__2024.pdf
2024,Iron Ore,Odisha,397.0,1192183.0,172484840966cf1919503a4MSMP_Mar__2024.pdf
2024,Iron Ore,Rajasthan,1311.0,6248565.0,172484840966cf1919503a4MSMP_Mar__2024.pdf
2024,Iron Ore,Chhattisgarh,2966.0,19327392.0,172484840966cf1919503a4MSMP_Mar__2024.pdf
2024,Iron Ore,Jharkhand,2293.0,4031609.0,172484840966cf1919503a4MSMP_Mar__2024.pdf
2024,Iron Ore,Odisha,37522.0,166673951.0,172484840966cf1919503a4MSMP_Mar__2024.pdf
2024,Iron Ore,Andhra Pradesh,56.0,31258.0,172484840966cf1919503a4MSMP_Mar__2024.pdf
2024,Iron Ore,Chhattisgarh,27250.0,99818655.0,172484840966cf1919503a4MSMP_Mar__2024.pdf
2024,Iron Ore,Jharkhand,17342.0,35830534.0,172484840966cf1919503a4MSMP_Mar__2024.pdf
2024,Iron Ore,Karnataka,28510.0,75187254.0,172484840966cf1919503a4MSMP_Mar__2024.pdf
2024,Iron Ore,Madhya Pradesh,3555.0,1996022.0,172484840966cf1919503a4MSMP_Mar__2024.pdf
2024,Iron Ore,Maharashtra,4027.0,9363327.0,172484840966cf1919503a4MSMP_Mar__2024.pdf
2024,Iron Ore,Odisha,101444.0,293791892.0,172484840966cf1919503a4MSMP_Mar__2024.pdf
2024,Iron Ore,Rajasthan,3.0,2020.0,172484840966cf1919503a4MSMP_Mar__2024.pdf
2024,Iron Ore,Andhra Pradesh,81.0,65210.0,172484840966cf1919503a4MSMP_Mar__2024.pdf
2024,Iron Ore,Chhattisgarh,12272.0,51701384.0,172484840966cf1919503a4MSMP_Mar__2024.pdf
2024,Iron Ore,Jharkhand,3456.0,8497035.0,172484840966cf1919503a4MSMP_Mar__2024.pdf
2024,Iron Ore,Karnataka,11312.0,40054829.0,172484840966cf1919503a4MSMP_Mar__2024.pdf
2024,Iron Ore,Madhya Pradesh,810.0,479677.0,172484840966cf1919503a4MSMP_Mar__2024.pdf
2024,Iron Ore,Maharashtra,2082.0,11345048.0,172484840966cf1919503a4MSMP_Mar__2024.pdf
2024,Iron Ore,Odisha,1669.0,7038644.0,172484840966cf1919503a4MSMP_Mar__2024.pdf
2024,Iron Ore,Rajasthan,7.0,19912.0,172484840966cf1919503a4MSMP_Mar__2024.pdf
2024,Limestone,Andhra Pradesh,52869.0,12014486.0,172484840966cf1919503a4MSMP_Mar__2024.pdf
2024,Limestone,Chhattisgarh,44777.0,12991979.0,172484840966cf1919503a4MSMP_Mar__2024.pdf
2024,Limestone,Gujarat,22831.0,5491521.0,172484840966cf1919503a4MSMP_Mar__2024.pdf
2024,Limestone,Jharkhand,3.0,952.0,172484840966cf1919503a4MSMP_Mar__2024.pdf
2024,Limestone,Karnataka,38942.0,8129116.0,172484840966cf1919503a4MSMP_Mar__2024.pdf
2024,Limestone,Madhya Pradesh,50597.0,17277819.0,172484840966cf1919503a4MSMP_Mar__2024.pdf
2024,Limestone,Maharashtra,16656.0,3999480.0,172484840966cf1919503a4MSMP_Mar__2024.pdf
2024,Limestone,Odisha,6551.0,2533383.0,172484840966cf1919503a4MSMP_Mar__2024.pdf
2024,Limestone,Rajasthan,93964.0,26132454.0,172484840966cf1919503a4MSMP_Mar__2024.pdf
2024,Limestone,Tamil Nadu,24434.0,7642107.0,172484840966cf1919503a4MSMP_Mar__2024.pdf
2024,Limestone,Karnataka,8195.0,65923.0,172484840966cf1919503a4MSMP_Mar__2024.pdf
2024,Limestone,Rajasthan,1.0,5.0,172484840966cf1919503a4MSMP_Mar__2024.pdf
2024,Limestone,Tamil Nadu,62123.0,363065.0,172484840966cf1919503a4MSMP_Mar__2024.pdf
2024,Limestone,Gujarat,875308.0,184289.0,172484840966cf1919503a4MSMP_Mar__2024.pdf
2024,Limestone,Tamil Nadu,586360.0,132473.0,172484840966cf1919503a4MSMP_Mar__2024.pdf
2024,Limestone,Chhattisgarh,17260.0,5322.0,172484840966cf1919503a4MSMP_Mar__2024.pdf
2024,Limestone,Madhya Pradesh,444985.0,483255.0,172484840966cf1919503a4MSMP_Mar__2024.pdf
2024,Limestone,Rajasthan,1533465.0,11871363.0,172484840966cf1919503a4MSMP_Mar__2024.pdf
2024,Limestone,Rajasthan,327.0,442.0,172484840966cf1919503a4MSMP_Mar__2024.pdf
2024,Limestone,Rajasthan,32070.0,17360.0,172484840966cf1919503a4MSMP_Mar__2024.pdf
2024,Limestone,Maharashtra,1437.0,3757.0,172484840966cf1919503a4MSMP_Mar__2024.pdf
2024,Limestone,Gujarat,146401.0,0.0,172484840966cf1919503a4MSMP_Mar__2024.pdf
2024,Limestone,Maharashtra,46283.0,0.0,172484840966cf1919503a4MSMP_Mar__2024.pdf
2024,Limestone,Odisha,228518.0,0.0,172484840966cf1919503a4MSMP_Mar__2024.pdf
2024,Limestone,Andhra Pradesh,2303.0,1610.0,172484840966cf1919503a4MSMP_Mar__2024.pdf
2024,Limestone,Rajasthan,110793.0,151761.0,172484840966cf1919503a4MSMP_Mar__2024.pdf
2024,Limestone,Andhra Pradesh,2.0,4.0,172484840966cf1919503a4MSMP_Mar__2024.pdf
2024,Limestone,Chhattisgarh,4029.0,3174.0,172484840966cf1919503a4MSMP_Mar__2024.pdf
2024,Limestone,Karnataka,2405.0,2641.0,172484840966cf1919503a4MSMP_Mar__2024.pdf
2024,Limestone,Madhya Pradesh,126.0,621.0,172484840966cf1919503a4MSMP_Mar__2024.pdf
2024,Limestone,Maharashtra,164.0,850.0,172484840966cf1919503a4MSMP_Mar__2024.pdf
2024,Limestone,Odisha,8784.0,8710.0,172484840966cf1919503a4MSMP_Mar__2024.pdf
2024,Limestone,Rajasthan,2.0,2.0,172484840966cf1919503a4MSMP_Mar__2024.pdf
2025,Limestone,Andhra Pradesh,212.0,173.0,1748864652683d8e8cdc8f1MSMP_MARCH25FINAL.pdf
2025,Limestone,Rajasthan,106.0,66.0,1748864652683d8e8cdc8f1MSMP_MARCH25FINAL.pdf
2025,Limestone,Chhattisgarh,8248.0,12.3,1748864652683d8e8cdc8f1MSMP_MARCH25FINAL.pdf
2025,Limestone,Chhattisgarh,5.6,5.4,1748864652683d8e8cdc8f1MSMP_MARCH25FINAL.pdf
2025,Limestone,Andhra Pradesh,15260189.0,15523930.0,1748864652683d8e8cdc8f1MSMP_MARCH25FINAL.pdf
2025,Limestone,Chhattisgarh,207240531.0,201812546.0,1748864652683d8e8cdc8f1MSMP_MARCH25FINAL.pdf
2025,Limestone,Gujarat,8541312.0,7528881.0,1748864652683d8e8cdc8f1MSMP_MARCH25FINAL.pdf
2025,Limestone,Jharkhand,51050095.0,58098891.0,1748864652683d8e8cdc8f1MSMP_MARCH25FINAL.pdf
2025,Limestone,Karnataka,182481644.0,162607153.0,1748864652683d8e8cdc8f1MSMP_MARCH25FINAL.pdf
2025,Limestone,Madhya Pradesh,40617330.0,38976761.0,1748864652683d8e8cdc8f1MSMP_MARCH25FINAL.pdf
2025,Limestone,Maharashtra,63951006.0,55338091.0,1748864652683d8e8cdc8f1MSMP_MARCH25FINAL.pdf
2025,Limestone,Odisha,647851901.0,650621350.0,1748864652683d8e8cdc8f1MSMP_MARCH25FINAL.pdf
2025,Limestone,Rajasthan,238688737.0,219409835.0,1748864652683d8e8cdc8f1MSMP_MARCH25FINAL.pdf
2025,Limestone,Tamil Nadu,8253106.0,9294704.0,1748864652683d8e8cdc8f1MSMP_MARCH25FINAL.pdf
2025,Limestone,Andhra Pradesh,2807591.0,2059271.0,1748864652683d8e8cdc8f1MSMP_MARCH25FINAL.pdf
2025,Limestone,Chhattisgarh,194183752.0,187616891.4,1748864652683d8e8cdc8f1MSMP_MARCH25FINAL.pdf
2025,Limestone,Gujarat,2360888.0,1691510.0,1748864652683d8e8cdc8f1MSMP_MARCH25FINAL.pdf
2025,Limestone,Jharkhand,51048692.0,58077869.0,1748864652683d8e8cdc8f1MSMP_MARCH25FINAL.pdf
2025,Limestone,Karnataka,174390641.0,154225078.0,1748864652683d8e8cdc8f1MSMP_MARCH25FINAL.pdf
2025,Limestone,Madhya Pradesh,20768952.0,19021384.0,1748864652683d8e8cdc8f1MSMP_MARCH25FINAL.pdf
2025,Limestone,Maharashtra,58979414.0,50280136.0,1748864652683d8e8cdc8f1MSMP_MARCH25FINAL.pdf
2025,Limestone,Odisha,644288110.0,646975424.0,1748864652683d8e8cdc8f1MSMP_MARCH25FINAL.pdf
2025,Limestone,Rajasthan,198435695.0,177988811.0,1748864652683d8e8cdc8f1MSMP_MARCH25FINAL.pdf
2025,Limestone,Andhra Pradesh,12452598.0,13464659.0,1748864652683d8e8cdc8f1MSMP_MARCH25FINAL.pdf
2025,Limestone,Chhattisgarh,13056779.0,14195655.0,1748864652683d8e8cdc8f1MSMP_MARCH25FINAL.pdf
2025,Limestone,Gujarat,6180424.0,5837371.0,1748864652683d8e8cdc8f1MSMP_MARCH25FINAL.pdf
2025,Limestone,Jharkhand,1403.0,21022.0,1748864652683d8e8cdc8f1MSMP_MARCH25FINAL.pdf
2025,Limestone,Karnataka,8091003.0,8382075.0,1748864652683d8e8cdc8f1MSMP_MARCH25FINAL.pdf
2025,Limestone,Madhya Pradesh,19848378.0,19955377.0,1748864652683d8e8cdc8f1MSMP_MARCH25FINAL.pdf
2025,Limestone,Maharashtra,4971592.0,5057955.0,1748864652683d8e8cdc8f1MSMP_MARCH25FINAL.pdf
2025,Limestone,Odisha,3563791.0,3645926.0,1748864652683d8e8cdc8f1MSMP_MARCH25FINAL.pdf
2025,Limestone,Rajasthan,40253042.0,41421024.0,1748864652683d8e8cdc8f1MSMP_MARCH25FINAL.pdf
2025,Limestone,Chhattisgarh,204919.0,207255.0,1748864652683d8e8cdc8f1MSMP_MARCH25FINAL.pdf
2025,Limestone,Jharkhand,206190.0,191158.0,1748864652683d8e8cdc8f1MSMP_MARCH25FINAL.pdf
2025,Limestone,Madhya Pradesh,167573.0,159228.0,1748864652683d8e8cdc8f1MSMP_MARCH25FINAL.pdf
2025,Limestone,Maharashtra,70723.0,69282.0,1748864652683d8e8cdc8f1MSMP_MARCH25FINAL.pdf
2025,Limestone,Odisha,269688.0,239402.0,1748864652683d8e8cdc8f1MSMP_MARCH25FINAL.pdf
2025,Limestone,Gujarat,13304.0,11326.0,1748864652683d8e8cdc8f1MSMP_MARCH25FINAL.pdf
2025,Limestone,Rajasthan,7834.0,10015.0,1748864652683d8e8cdc8f1MSMP_MARCH25FINAL.pdf
2025,Limestone,Tamil Nadu,24156.0,21580.0,1748864652683d8e8cdc8f1MSMP_MARCH25FINAL.pdf
2025,Limestone,Andhra Pradesh,717.14,688.0,1748864652683d8e8cdc8f1MSMP_MARCH25FINAL.pdf
2025,Limestone,Gujarat,1024.95,897.0,1748864652683d8e8cdc8f1MSMP_MARCH25FINAL.pdf
2025,Limestone,Jharkhand,38.58,5.0,1748864652683d8e8cdc8f1MSMP_MARCH25FINAL.pdf
2025,Limestone,Madhya Pradesh,291.71,234.0,1748864652683d8e8cdc8f1MSMP_MARCH25FINAL.pdf
2025,Limestone,Rajasthan,1748.69,2154.0,1748864652683d8e8cdc8f1MSMP_MARCH25FINAL.pdf
2025,Limestone,Tamil Nadu,1002.77,981.0,1748864652683d8e8cdc8f1MSMP_MARCH25FINAL.pdf
2025,Limestone,Andhra Pradesh,283.809,250.0,1748864652683d8e8cdc8f1MSMP_MARCH25FINAL.pdf
2025,Limestone,Gujarat,5135.413,4950.0,1748864652683d8e8cdc8f1MSMP_MARCH25FINAL.pdf
2025,Limestone,Rajasthan,3428.55,4421.0,1748864652683d8e8cdc8f1MSMP_MARCH25FINAL.pdf
2025,Limestone,Tamil Nadu,263.148,294.0,1748864652683d8e8cdc8f1MSMP_MARCH25FINAL.pdf
2025,Iron Ore,Andhra Pradesh,125.0,93272.0,1748864652683d8e8cdc8f1MSMP_MARCH25FINAL.pdf
2025,Iron Ore,Chhattisgarh,46042.515,186363948.0,1748864652683d8e8cdc8f1MSMP_MARCH25FINAL.pdf
2025,Iron Ore,Jharkhand,22897.0,54829400.0,1748864652683d8e8cdc8f1MSMP_MARCH25FINAL.pdf
2025,Iron Ore,Karnataka,40995.0,141753770.0,1748864652683d8e8cdc8f1MSMP_MARCH25FINAL.pdf
2025,Iron Ore,Madhya Pradesh,6047.0,3799034.0,1748864652683d8e8cdc8f1MSMP_MARCH25FINAL.pdf
2025,Iron Ore,Maharashtra,10727.0,40509725.0,1748864652683d8e8cdc8f1MSMP_MARCH25FINAL.pdf
2025,Iron Ore,Odisha,148959.0,576616741.0,1748864652683d8e8cdc8f1MSMP_MARCH25FINAL.pdf
2025,Iron Ore,Rajasthan,27.0,7304611.0,1748864652683d8e8cdc8f1MSMP_MARCH25FINAL.pdf
2025,Iron Ore,Madhya Pradesh,3.901,19895.0,1748864652683d8e8cdc8f1MSMP_MARCH25FINAL.pdf
2025,Iron Ore,Odisha,1122.0,558.0,1748864652683d8e8cdc8f1MSMP_MARCH25FINAL.pdf
2025,Iron Ore,Rajasthan,0.9936,7273485.0,1748864652683d8e8cdc8f1MSMP_MARCH25FINAL.pdf
2025,Iron Ore,Chhattisgarh,5890.91209,38754921.0,1748864652683d8e8cdc8f1MSMP_MARCH25FINAL.pdf
2025,Iron Ore,Jharkhand,33.07119,3794022.0,1748864652683d8e8cdc8f1MSMP_MARCH25FINAL.pdf
2025,Iron Ore,Odisha,38510.9064,171670453.0,1748864652683d8e8cdc8f1MSMP_MARCH25FINAL.pdf
2025,Iron Ore,Andhra Pradesh,40.886,22252.0,1748864652683d8e8cdc8f1MSMP_MARCH25FINAL.pdf
2025,Iron Ore,Chhattisgarh,30478.4536,113731096.0,1748864652683d8e8cdc8f1MSMP_MARCH25FINAL.pdf
2025,Iron Ore,Jharkhand,17904.0738,42065098.0,1748864652683d8e8cdc8f1MSMP_MARCH25FINAL.pdf
2025,Iron Ore,Karnataka,29242.0507,99289831.0,1748864652683d8e8cdc8f1MSMP_MARCH25FINAL.pdf
2025,Iron Ore,Madhya Pradesh,5498.77826,3381853.0,1748864652683d8e8cdc8f1MSMP_MARCH25FINAL.pdf
2025,Iron Ore,Maharashtra,9034.69947,31173629.0,1748864652683d8e8cdc8f1MSMP_MARCH25FINAL.pdf
2025,Iron Ore,Odisha,110094.508,403789738.0,1748864652683d8e8cdc8f1MSMP_MARCH25FINAL.pdf
2025,Iron Ore,Rajasthan,5.672,5074.0,1748864652683d8e8cdc8f1MSMP_MARCH25FINAL.pdf
2025,Iron Ore,Andhra Pradesh,84.3174,71020.0,1748864652683d8e8cdc8f1MSMP_MARCH25FINAL.pdf
2025,Iron Ore,Chhattisgarh,9673.14932,33877931.0,1748864652683d8e8cdc8f1MSMP_MARCH25FINAL.pdf
2025,Iron Ore,Jharkhand,59.39809,8970280.0,1748864652683d8e8cdc8f1MSMP_MARCH25FINAL.pdf
2025,Iron Ore,Karnataka,11753.4273,42463939.0,1748864652683d8e8cdc8f1MSMP_MARCH25FINAL.pdf
2025,Iron Ore,Madhya Pradesh,4.37402,397286.0,1748864652683d8e8cdc8f1MSMP_MARCH25FINAL.pdf
2025,Iron Ore,Maharashtra,1692.5736,9336096.0,1748864652683d8e8cdc8f1MSMP_MARCH25FINAL.pdf
2025,Iron Ore,Odisha,22.56,33992.0,1748864652683d8e8cdc8f1MSMP_MARCH25FINAL.pdf
2025,Iron Ore,Rajasthan,10.24904,26052.0,1748864652683d8e8cdc8f1MSMP_MARCH25FINAL.pdf
2025,Limestone,Andhra Pradesh,60724.8536,13463935.0,1748864652683d8e8cdc8f1MSMP_MARCH25FINAL.pdf
2025,Limestone,Chhattisgarh,49278.5347,14188729.0,1748864652683d8e8cdc8f1MSMP_MARCH25FINAL.pdf
2025,Limestone,Gujarat,23311.7182,5617138.0,1748864652683d8e8cdc8f1MSMP_MARCH25FINAL.pdf
2025,Limestone,Jharkhand,2.86081,998.0,1748864652683d8e8cdc8f1MSMP_MARCH25FINAL.pdf
2025,Limestone,Karnataka,40831.6262,8333519.0,1748864652683d8e8cdc8f1MSMP_MARCH25FINAL.pdf
2025,Limestone,Madhya Pradesh,62308.3515,19612594.0,1748864652683d8e8cdc8f1MSMP_MARCH25FINAL.pdf
2025,Limestone,Maharashtra,19330.6407,5043436.0,1748864652683d8e8cdc8f1MSMP_MARCH25FINAL.pdf
2025,Limestone,Odisha,7923.0,3500525.0,1748864652683d8e8cdc8f1MSMP_MARCH25FINAL.pdf
2025,Limestone,Rajasthan,103113.439,30012790.0,1748864652683d8e8cdc8f1MSMP_MARCH25FINAL.pdf
2025,Limestone,Tamil Nadu,26776.5505,8671706.0,1748864652683d8e8cdc8f1MSMP_MARCH25FINAL.pdf
2025,Limestone,Karnataka,6816.0,45917.0,1748864652683d8e8cdc8f1MSMP_MARCH25FINAL.pdf
2025,Limestone,Tamil Nadu,61.0,452696.0,1748864652683d8e8cdc8f1MSMP_MARCH25FINAL.pdf
2025,Limestone,Gujarat,2.0,20233.0,1748864652683d8e8cdc8f1MSMP_MARCH25FINAL.pdf
2025,Limestone,Tamil Nadu,4.26,117350.0,1748864652683d8e8cdc8f1MSMP_MARCH25FINAL.pdf
2025,Limestone,Chhattisgarh,20994.44,6505.0,1748864652683d8e8cdc8f1MSMP_MARCH25FINAL.pdf
2025,Limestone,Madhya Pradesh,236964.0,327680.0,1748864652683d8e8cdc8f1MSMP_MARCH25FINAL.pdf
2025,Limestone,Rajasthan,1320818.58,11108422.0,1748864652683d8e8cdc8f1MSMP_MARCH25FINAL.pdf
2025,Limestone,Rajasthan,9353.01,13810.0,1748864652683d8e8cdc8f1MSMP_MARCH25FINAL.pdf
2025,Limestone,Rajasthan,58047.0,33390.0,1748864652683d8e8cdc8f1MSMP_MARCH25FINAL.pdf
2025,Limestone,Maharashtra,771.0,2307.0,1748864652683d8e8cdc8f1MSMP_MARCH25FINAL.pdf
2025,Limestone,Gujarat,135697.0,0.0,1748864652683d8e8cdc8f1MSMP_MARCH25FINAL.pdf
2025,Limestone,Maharashtra,50577.29,0.0,1748864652683d8e8cdc8f1MSMP_MARCH25FINAL.pdf
2025,Limestone,Odisha,257338.0,0.0,1748864652683d8e8cdc8f1MSMP_MARCH25FINAL.pdf
2025,Limestone,Andhra Pradesh,1127.0,724.0,1748864652683d8e8cdc8f1MSMP_MARCH25FINAL.pdf
2025,Limestone,Tamil Nadu,2.0,7.0,1748864652683d8e8cdc8f1MSMP_MARCH25FINAL.pdf
2025,Limestone,Rajasthan,637.0,156133.0,1748864652683d8e8cdc8f1MSMP_MARCH25FINAL.pdf
