fiscal_year,commodity,state,cumulative_qty_mt,cumulative_val_inr_crores,source_file,pit_mouth_rate_inr_mt
2020,Limestone,Andhra Pradesh,8889845.0,63438.0,10202014112847msmpmar14_19_Mineral Production ( Mineral.pdf,7.136007433200466
2020,Limestone,Gujarat,2968046.0,26071.0,10202014112847msmpmar14_19_Mineral Production ( Mineral.pdf,8.783893511084397
2020,Limestone,Jharkhand,564806.0,1861.0,10202014112847msmpmar14_19_Mineral Production ( Mineral.pdf,3.2949366685198105
2020,Limestone,Karnataka,3026179.0,21132.0,10202014112847msmpmar14_19_Mineral Production ( Mineral.pdf,6.983063460555374
2020,Limestone,Madhya Pradesh,5310552.0,35536.0,10202014112847msmpmar14_19_Mineral Production ( Mineral.pdf,6.691583097199689
2020,Limestone,Maharashtra,1681264.0,11924.0,10202014112847msmpmar14_19_Mineral Production ( Mineral.pdf,7.092282949019309
2020,Limestone,Odisha,1411815.0,3912.0,10202014112847msmpmar14_19_Mineral Production ( Mineral.pdf,2.7709012866416636
2020,Limestone,Rajasthan,9109507.0,52540.0,10202014112847msmpmar14_19_Mineral Production ( Mineral.pdf,5.767600815280124
2020,Limestone,Tamil Nadu,5129212.0,26442.0,10202014112847msmpmar14_19_Mineral Production ( Mineral.pdf,5.15517783238439
2020,Limestone,Tamil Nadu,28481.0,192151.0,10202014112847msmpmar14_19_Mineral Production ( Mineral.pdf,6746.638109616938
2020,Limestone,Karnataka,21747.0,11495.0,10202014112847msmpmar14_19_Mineral Production ( Mineral.pdf,528.5786545270612
2020,Limestone,Tamil Nadu,314336.0,160450.0,10202014112847msmpmar14_19_Mineral Production ( Mineral.pdf,510.4410567036547
2020,Limestone,Gujarat,255909.0,4240183.0,10202014112847msmpmar14_19_Mineral Production ( Mineral.pdf,16569.10464266595
2020,Limestone,Tamil Nadu,8925.0,96826.0,10202014112847msmpmar14_19_Mineral Production ( Mineral.pdf,10848.851540616246
2020,Limestone,Andhra Pradesh,46226.0,1176813.0,10202014112847msmpmar14_19_Mineral Production ( Mineral.pdf,25457.815947735042
2020,Limestone,Andhra Pradesh,19213.0,97581.0,10202014112847msmpmar14_19_Mineral Production ( Mineral.pdf,5078.904908135117
2020,Limestone,Gujarat,859.0,4690.0,10202014112847msmpmar14_19_Mineral Production ( Mineral.pdf,5459.837019790454
2020,Limestone,Madhya Pradesh,13500.0,55445.0,10202014112847msmpmar14_19_Mineral Production ( Mineral.pdf,4107.037037037037
2020,Limestone,Rajasthan,449238.0,1676067.0,10202014112847msmpmar14_19_Mineral Production ( Mineral.pdf,3730.9110093090967
2020,Limestone,Andhra Pradesh,1260.0,176.0,10202014112847msmpmar14_19_Mineral Production ( Mineral.pdf,139.68253968253967
2020,Limestone,Madhya Pradesh,136196.0,207768.0,10202014112847msmpmar14_19_Mineral Production ( Mineral.pdf,1525.5073570442598
2020,Limestone,Maharashtra,881.0,714.0,10202014112847msmpmar14_19_Mineral Production ( Mineral.pdf,810.4426787741203
2020,Limestone,Odisha,4914.0,0.0,10202014112847msmpmar14_19_Mineral Production ( Mineral.pdf,0.0
2020,Limestone,Rajasthan,235.0,7697.0,10202014112847msmpmar14_19_Mineral Production ( Mineral.pdf,32753.191489361703
2020,Limestone,Jharkhand,806.0,58562.0,10202014112847msmpmar14_19_Mineral Production ( Mineral.pdf,72657.5682382134
2020,Limestone,Andhra Pradesh,198503.0,893670.0,10202014112847msmpmar14_19_Mineral Production ( Mineral.pdf,4502.047827992524
2020,Limestone,Gujarat,24145.0,164462.0,10202014112847msmpmar14_19_Mineral Production ( Mineral.pdf,6811.430938082419
2020,Limestone,Jharkhand,6448.0,42474.0,10202014112847msmpmar14_19_Mineral Production ( Mineral.pdf,6587.158808933003
2020,Limestone,Karnataka,22774.0,6931.0,10202014112847msmpmar14_19_Mineral Production ( Mineral.pdf,304.33828049530166
2020,Limestone,Maharashtra,6794.0,17475.0,10202014112847msmpmar14_19_Mineral Production ( Mineral.pdf,2572.1224609949954
2020,Limestone,Odisha,4527.0,7720.0,10202014112847msmpmar14_19_Mineral Production ( Mineral.pdf,1705.3236138723216
2020,Limestone,Rajasthan,49148.0,173448.0,10202014112847msmpmar14_19_Mineral Production ( Mineral.pdf,3529.095792300806
2020,Limestone,Tamil Nadu,14878.0,21367.0,10202014112847msmpmar14_19_Mineral Production ( Mineral.pdf,1436.1473316305955
2020,Limestone,Andhra Pradesh,165519.0,221885.0,10202014112847msmpmar14_19_Mineral Production ( Mineral.pdf,1340.5409650855793
2020,Limestone,Jharkhand,436.0,30771.0,10202014112847msmpmar14_19_Mineral Production ( Mineral.pdf,70575.6880733945
2020,Limestone,Karnataka,6370.0,10000.0,10202014112847msmpmar14_19_Mineral Production ( Mineral.pdf,1569.8587127158555
2020,Limestone,Maharashtra,51976.0,55117.0,10202014112847msmpmar14_19_Mineral Production ( Mineral.pdf,1060.4317377251039
2020,Limestone,Odisha,30426.0,26818.0,10202014112847msmpmar14_19_Mineral Production ( Mineral.pdf,881.4172089660159
2020,Limestone,Rajasthan,1256.0,4489.0,10202014112847msmpmar14_19_Mineral Production ( Mineral.pdf,3574.044585987261
2020,Limestone,Andhra Pradesh,254017.0,2128989.0,10202014112847msmpmar14_19_Mineral Production ( Mineral.pdf,8381.285504513477
2020,Limestone,Gujarat,73408.0,869926.0,10202014112847msmpmar14_19_Mineral Production ( Mineral.pdf,11850.561246730602
2020,Limestone,Karnataka,57687.0,102854.0,10202014112847msmpmar14_19_Mineral Production ( Mineral.pdf,1782.96669960303
2020,Limestone,Maharashtra,80136.0,278138.0,10202014112847msmpmar14_19_Mineral Production ( Mineral.pdf,3470.8245981830887
2020,Limestone,Rajasthan,263490.0,626336.0,10202014112847msmpmar14_19_Mineral Production ( Mineral.pdf,2377.0769289157083
2020,Limestone,Tamil Nadu,12846.0,10916.0,10202014112847msmpmar14_19_Mineral Production ( Mineral.pdf,849.7586797446676
2020,Limestone,Andhra Pradesh,216617.0,1874624.0,10202014112847msmpmar14_19_Mineral Production ( Mineral.pdf,8654.094553982375
2020,Limestone,Madhya Pradesh,6345.0,0.0,10202014112847msmpmar14_19_Mineral Production ( Mineral.pdf,0.0
2020,Limestone,Maharashtra,29693.0,750877.0,10202014112847msmpmar14_19_Mineral Production ( Mineral.pdf,25288.014010036037
2020,Limestone,Rajasthan,803.0,0.0,10202014112847msmpmar14_19_Mineral Production ( Mineral.pdf,0.0
2020,Limestone,Andhra Pradesh,15916.0,142617.0,10202014112847msmpmar14_19_Mineral Production ( Mineral.pdf,8960.60567981905
2020,Limestone,Karnataka,31496.0,546026.0,10202014112847msmpmar14_19_Mineral Production ( Mineral.pdf,17336.360172720346
2020,Limestone,Madhya Pradesh,4629.0,519521.0,10202014112847msmpmar14_19_Mineral Production ( Mineral.pdf,112231.79952473537
2020,Limestone,Maharashtra,28738.0,347393.0,10202014112847msmpmar14_19_Mineral Production ( Mineral.pdf,12088.280325701162
2020,Limestone,Andhra Pradesh,29293.0,85117.0,10202014112847msmpmar14_19_Mineral Production ( Mineral.pdf,2905.711262076264
2020,Limestone,Gujarat,403.0,2626.0,10202014112847msmpmar14_19_Mineral Production ( Mineral.pdf,6516.129032258064
2020,Limestone,Madhya Pradesh,901.0,140.0,10202014112847msmpmar14_19_Mineral Production ( Mineral.pdf,155.3829078801332
2020,Limestone,Rajasthan,744080.0,766742.0,10202014112847msmpmar14_19_Mineral Production ( Mineral.pdf,1030.4564025373616
2020,Limestone,Tamil Nadu,384.0,991.0,10202014112847msmpmar14_19_Mineral Production ( Mineral.pdf,2580.7291666666665
2020,Limestone,Rajasthan,708.0,7577.0,10202014112847msmpmar14_19_Mineral Production ( Mineral.pdf,10701.977401129943
2020,Limestone,Andhra Pradesh,3588.0,6474.0,10202014112847msmpmar14_19_Mineral Production ( Mineral.pdf,1804.3478260869565
2020,Limestone,Tamil Nadu,4930.0,1373.0,10202014112847msmpmar14_19_Mineral Production ( Mineral.pdf,278.49898580121703
2020,Limestone,Rajasthan,157047.0,145667.0,10202014112847msmpmar14_19_Mineral Production ( Mineral.pdf,927.5376161276561
2016,Limestone,Chhattisgarh,161.0,157.0,10252016172810MSMP_March2016.pdf,975.1552795031056
2016,Limestone,Andhra Pradesh,134.0,100.0,10252016172810MSMP_March2016.pdf,746.2686567164179
2016,Limestone,Madhya Pradesh,5240.0,5.0,10252016172810MSMP_March2016.pdf,0.9541984732824428
2016,Limestone,Tamil Nadu,7091.0,7074.0,10252016172810MSMP_March2016.pdf,997.6025948385277
2016,Limestone,Andhra Pradesh,17676427.0,17160530.0,10252016172810MSMP_March2016.pdf,970.8144072328644
2016,Limestone,Chhattisgarh,192132705.0,231526617.0,10252016172810MSMP_March2016.pdf,1205.034910636375
2016,Limestone,Gujarat,116177253.0,121797803.0,10252016172810MSMP_March2016.pdf,1048.3790919036448
2016,Limestone,Jharkhand,206484307.0,218742234.0,10252016172810MSMP_March2016.pdf,1059.364932754914
2016,Limestone,Karnataka,44750576.0,63551874.0,10252016172810MSMP_March2016.pdf,1420.1353296547513
2016,Limestone,Madhya Pradesh,152398152.0,129875477.0,10252016172810MSMP_March2016.pdf,852.2116265556816
2016,Limestone,Maharashtra,75061845.0,78450512.0,10252016172810MSMP_March2016.pdf,1045.1450000995846
2016,Limestone,Odisha,322957436.0,289677755.0,10252016172810MSMP_March2016.pdf,896.9533527012519
2016,Limestone,Rajasthan,254713878.0,254512659.0,10252016172810MSMP_March2016.pdf,999.2100194870419
2016,Limestone,Tamil Nadu,70743906.0,72151566.0,10252016172810MSMP_March2016.pdf,1019.8979683140482
2016,Limestone,Andhra Pradesh,10067545.0,9090785.0,10252016172810MSMP_March2016.pdf,902.9793261415767
2016,Limestone,Chhattisgarh,135446017.0,139855400.0,10252016172810MSMP_March2016.pdf,1032.5545416370567
2016,Limestone,Gujarat,107508206.0,115106687.0,10252016172810MSMP_March2016.pdf,1070.6781489777627
2016,Limestone,Jharkhand,188450673.0,193135100.0,10252016172810MSMP_March2016.pdf,1024.8575763908257
2016,Limestone,Madhya Pradesh,137073625.0,111478200.0,10252016172810MSMP_March2016.pdf,813.272429324022
2016,Limestone,Maharashtra,67134691.0,67045400.0,10252016172810MSMP_March2016.pdf,998.6699722800541
2016,Limestone,Odisha,178117761.0,158984300.0,10252016172810MSMP_March2016.pdf,892.579713036029
2016,Limestone,Rajasthan,175480198.0,183151451.0,10252016172810MSMP_March2016.pdf,1043.7157758392773
2016,Limestone,Tamil Nadu,64526545.0,65334309.0,10252016172810MSMP_March2016.pdf,1012.5183209483787
2016,Limestone,Andhra Pradesh,571887.0,1021101.0,10252016172810MSMP_March2016.pdf,1785.494337168007
2016,Limestone,Chhattisgarh,50018575.0,86574032.0,10252016172810MSMP_March2016.pdf,1730.8376338190362
2016,Limestone,Gujarat,4182952.0,2392149.0,10252016172810MSMP_March2016.pdf,571.8805762055123
2016,Limestone,Jharkhand,17514868.0,25229041.0,10252016172810MSMP_March2016.pdf,1440.4356915507442
2016,Limestone,Karnataka,40396223.0,59724653.0,10252016172810MSMP_March2016.pdf,1478.4712174700096
2016,Limestone,Madhya Pradesh,8295414.0,10692344.0,10252016172810MSMP_March2016.pdf,1288.94639857637
2016,Limestone,Maharashtra,5625538.0,9026263.0,10252016172810MSMP_March2016.pdf,1604.5155147827638
2016,Limestone,Odisha,143327083.0,129310849.0,10252016172810MSMP_March2016.pdf,902.2080565192274
2016,Limestone,Rajasthan,62535533.0,54988812.0,10252016172810MSMP_March2016.pdf,879.3210733488112
2016,Limestone,Tamil Nadu,14877.0,44594.0,10252016172810MSMP_March2016.pdf,2997.5129394367145
2016,Limestone,Andhra Pradesh,7036995.0,7048644.0,10252016172810MSMP_March2016.pdf,1001.655394099328
2016,Limestone,Chhattisgarh,6668113.0,5097185.0,10252016172810MSMP_March2016.pdf,764.4119108359441
2016,Limestone,Gujarat,4486095.0,4298967.0,10252016172810MSMP_March2016.pdf,958.2871071611279
2016,Limestone,Jharkhand,518766.0,378093.0,10252016172810MSMP_March2016.pdf,728.8314962815605
2016,Limestone,Karnataka,4354353.0,3827221.0,10252016172810MSMP_March2016.pdf,878.9413720017646
2016,Limestone,Madhya Pradesh,7029113.0,7704933.0,10252016172810MSMP_March2016.pdf,1096.1458437216759
2016,Limestone,Maharashtra,2301616.0,2378849.0,10252016172810MSMP_March2016.pdf,1033.5559884880884
2016,Limestone,Odisha,1512592.0,1382606.0,10252016172810MSMP_March2016.pdf,914.0640701524271
2016,Limestone,Rajasthan,16698147.0,16372396.0,10252016172810MSMP_March2016.pdf,980.4917875019306
2016,Limestone,Tamil Nadu,6202484.0,6772663.0,10252016172810MSMP_March2016.pdf,1091.927524520821
2016,Limestone,Chhattisgarh,134800.0,139855400.0,10252016172810MSMP_March2016.pdf,1037502.9673590504
2016,Limestone,Jharkhand,124100.0,193135100.0,10252016172810MSMP_March2016.pdf,1556286.059629331
2016,Limestone,Madhya Pradesh,87600.0,111478200.0,10252016172810MSMP_March2016.pdf,1272582.191780822
2016,Limestone,Maharashtra,38300.0,67045400.0,10252016172810MSMP_March2016.pdf,1750532.637075718
2016,Limestone,Odisha,123600.0,158984300.0,10252016172810MSMP_March2016.pdf,1286280.7443365697
2016,Limestone,Gujarat,12300.0,17914600.0,10252016172810MSMP_March2016.pdf,1456471.5447154471
2016,Limestone,Rajasthan,10800.0,12590000.0,10252016172810MSMP_March2016.pdf,1165740.7407407407
2016,Limestone,Tamil Nadu,25200.0,51122400.0,10252016172810MSMP_March2016.pdf,2028666.6666666667
2016,Limestone,Andhra Pradesh,541.0,4474139.0,10252016172810MSMP_March2016.pdf,8270127.541589648
2016,Limestone,Gujarat,1526.0,12620215.0,10252016172810MSMP_March2016.pdf,8270127.785058978
2016,Limestone,Rajasthan,1178.0,9742211.0,10252016172810MSMP_March2016.pdf,8270128.18336163
2016,Limestone,Tamil Nadu,1191.0,9849723.0,10252016172810MSMP_March2016.pdf,8270128.46347607
2016,Limestone,Andhra Pradesh,254.0,4616646.0,10252016172810MSMP_March2016.pdf,18175771.65354331
2016,Limestone,Gujarat,4653.0,84571872.0,10252016172810MSMP_March2016.pdf,18175773.04964539
2016,Limestone,Rajasthan,8848.0,160819240.0,10252016172810MSMP_March2016.pdf,18175773.056057867
2016,Limestone,Tamil Nadu,240.0,4362186.0,10252016172810MSMP_March2016.pdf,18175775.0
2016,Iron Ore,Andhra Pradesh,916.0,504259.0,10252016172810MSMP_March2016.pdf,550.5010917030568
2016,Iron Ore,Chhattisgarh,29388.0,85391078.0,10252016172810MSMP_March2016.pdf,2905.64441268545
2016,Iron Ore,Jharkhand,19237.0,23649275.0,10252016172810MSMP_March2016.pdf,1229.3639860685137
2016,Iron Ore,Karnataka,20205.0,55165630.0,10252016172810MSMP_March2016.pdf,2730.295966344964
2016,Iron Ore,Madhya Pradesh,4193.0,2464797.0,10252016172810MSMP_March2016.pdf,587.8361554972573
2016,Iron Ore,Maharashtra,2143.0,2601529.0,10252016172810MSMP_March2016.pdf,1213.9659356042932
2016,Iron Ore,Odisha,52022.0,103636933.0,10252016172810MSMP_March2016.pdf,1992.1750989965785
2016,Iron Ore,Rajasthan,1180.0,3201253.0,10252016172810MSMP_March2016.pdf,2712.9262711864408
2016,Iron Ore,Andhra Pradesh,637.0,425241.0,10252016172810MSMP_March2016.pdf,667.5682888540032
2016,Iron Ore,Chhattisgarh,10617.0,35702422.0,10252016172810MSMP_March2016.pdf,3362.7599133465196
2016,Iron Ore,Jharkhand,6904.0,9470862.0,10252016172810MSMP_March2016.pdf,1371.7934530706837
2016,Iron Ore,Karnataka,6799.0,22759146.0,10252016172810MSMP_March2016.pdf,3347.4255037505513
2016,Iron Ore,Madhya Pradesh,654.0,794722.0,10252016172810MSMP_March2016.pdf,1215.17125382263
2016,Iron Ore,Maharashtra,407.0,626507.0,10252016172810MSMP_March2016.pdf,1539.3292383292383
2016,Iron Ore,Odisha,21152.0,57013083.0,10252016172810MSMP_March2016.pdf,2695.3991584720125
2016,Iron Ore,Rajasthan,124.0,82779.0,10252016172810MSMP_March2016.pdf,667.5725806451613
2016,Iron Ore,Andhra Pradesh,279.0,79018.0,10252016172810MSMP_March2016.pdf,283.21863799283153
2016,Iron Ore,Chhattisgarh,18771.0,49688656.0,10252016172810MSMP_March2016.pdf,2647.0969047999574
2016,Iron Ore,Jharkhand,12333.0,14178413.0,10252016172810MSMP_March2016.pdf,1149.6321251925729
2016,Iron Ore,Karnataka,13406.0,32406484.0,10252016172810MSMP_March2016.pdf,2417.311949873191
2016,Iron Ore,Madhya Pradesh,3539.0,1670075.0,10252016172810MSMP_March2016.pdf,471.9059056230573
2016,Iron Ore,Maharashtra,1736.0,1975022.0,10252016172810MSMP_March2016.pdf,1137.6854838709678
2016,Iron Ore,Odisha,30831.0,46548984.0,10252016172810MSMP_March2016.pdf,1509.8110343485453
2016,Iron Ore,Rajasthan,1039.0,3104623.0,10252016172810MSMP_March2016.pdf,2988.087584215592
2016,Limestone,Andhra Pradesh,34676.0,6145183.0,10252016172810MSMP_March2016.pdf,177217.181912562
2016,Limestone,Chhattisgarh,23588.0,5095514.0,10252016172810MSMP_March2016.pdf,216021.451585552
2016,Limestone,Gujarat,26010.0,4041937.0,10252016172810MSMP_March2016.pdf,155399.34640522875
2016,Limestone,Jharkhand,792.0,355281.0,10252016172810MSMP_March2016.pdf,448587.1212121212
2016,Limestone,Karnataka,24008.0,3782551.0,10252016172810MSMP_March2016.pdf,157553.77374208596
2016,Limestone,Madhya Pradesh,39530.0,7024166.0,10252016172810MSMP_March2016.pdf,177692.03136858082
2016,Limestone,Maharashtra,12085.0,2338475.0,10252016172810MSMP_March2016.pdf,193502.27554820024
2016,Limestone,Odisha,3409.0,1189212.0,10252016172810MSMP_March2016.pdf,348844.82252860075
2016,Limestone,Rajasthan,61844.0,12515775.0,10252016172810MSMP_March2016.pdf,202376.54420800725
2016,Limestone,Tamil Nadu,22227.0,5989520.0,10252016172810MSMP_March2016.pdf,269470.4638502722
2016,Limestone,Karnataka,200.0,240.0,10252016172810MSMP_March2016.pdf,1200.0
2016,Limestone,Karnataka,9129.0,40910.0,10252016172810MSMP_March2016.pdf,4481.323255559207
2016,Limestone,Tamil Nadu,225694.0,637938.0,10252016172810MSMP_March2016.pdf,2826.56162769059
2016,Limestone,Gujarat,2177449.0,257030.0,10252016172810MSMP_March2016.pdf,118.04180029015605
2016,Limestone,Tamil Nadu,2039.0,568.0,10252016172810MSMP_March2016.pdf,278.56792545365374
2016,Limestone,Chhattisgarh,6383.0,1671.0,10252016172810MSMP_March2016.pdf,261.78912736957545
2016,Limestone,Rajasthan,207.0,456.0,10252016172810MSMP_March2016.pdf,2202.8985507246375
2016,Limestone,Gujarat,90096.0,0.0,10252016172810MSMP_March2016.pdf,0.0
2016,Limestone,Maharashtra,57691.0,0.0,10252016172810MSMP_March2016.pdf,0.0
2016,Limestone,Andhra Pradesh,15491.0,6246.0,10252016172810MSMP_March2016.pdf,403.2018591440191
2016,Limestone,Rajasthan,1623.0,1251.0,10252016172810MSMP_March2016.pdf,770.7948243992606
2016,Limestone,Tamil Nadu,2222.0,4982.0,10252016172810MSMP_March2016.pdf,2242.124212421242
2016,Limestone,Rajasthan,186524.0,162113.0,10252016172810MSMP_March2016.pdf,869.1267611674637
2016,Limestone,Chhattisgarh,2058.0,1692.0,10252016172810MSMP_March2016.pdf,822.1574344023323
2016,Limestone,Jharkhand,226.0,140.0,10252016172810MSMP_March2016.pdf,619.4690265486726
2016,Limestone,Odisha,7060.0,6804.0,10252016172810MSMP_March2016.pdf,963.7393767705382
2017,Limestone,Andhra Pradesh,104.0,85.0,11302017125132MSMP_MARCH 17_final_release.pdf,817.3076923076923
2017,Limestone,Madhya Pradesh,21373.0,9.0,11302017125132MSMP_MARCH 17_final_release.pdf,0.42109203200299444
2017,Limestone,Gujarat,11921.0,5.0,11302017125132MSMP_MARCH 17_final_release.pdf,0.4194279003439309
2017,Limestone,Andhra Pradesh,20870046.0,18470126.0,11302017125132MSMP_MARCH 17_final_release.pdf,885.0064824964928
2017,Limestone,Chhattisgarh,227430675.0,208559861.0,11302017125132MSMP_MARCH 17_final_release.pdf,917.0260827832482
2017,Limestone,Gujarat,119211395.0,117695800.0,11302017125132MSMP_MARCH 17_final_release.pdf,987.2864922015215
2017,Limestone,Jharkhand,213728273.0,206137946.0,11302017125132MSMP_MARCH 17_final_release.pdf,964.486088370723
2017,Limestone,Karnataka,54468641.0,42636581.0,11302017125132MSMP_MARCH 17_final_release.pdf,782.7729904258122
2017,Limestone,Madhya Pradesh,149686168.0,150413983.0,11302017125132MSMP_MARCH 17_final_release.pdf,1004.8622729122172
2017,Limestone,Maharashtra,73138769.0,73585364.0,11302017125132MSMP_MARCH 17_final_release.pdf,1006.1061323031018
2017,Limestone,Odisha,286023519.0,263900422.0,11302017125132MSMP_MARCH 17_final_release.pdf,922.6528745700804
2017,Limestone,Rajasthan,262516285.0,260420238.0,11302017125132MSMP_MARCH 17_final_release.pdf,992.0155543874164
2017,Limestone,Tamil Nadu,76059577.0,69778323.0,11302017125132MSMP_MARCH 17_final_release.pdf,917.4166587857832
2017,Limestone,Andhra Pradesh,11913801.0,10481062.0,11302017125132MSMP_MARCH 17_final_release.pdf,879.741234556461
2017,Limestone,Chhattisgarh,157728759.0,147436800.0,11302017125132MSMP_MARCH 17_final_release.pdf,934.7490016072466
2017,Limestone,Gujarat,111686310.0,108128114.0,11302017125132MSMP_MARCH 17_final_release.pdf,968.141162511323
2017,Limestone,Jharkhand,195258296.0,187386440.0,11302017125132MSMP_MARCH 17_final_release.pdf,959.6849088552939
2017,Limestone,Madhya Pradesh,133311995.0,132263170.0,11302017125132MSMP_MARCH 17_final_release.pdf,992.1325534135169
2017,Limestone,Maharashtra,63140766.0,65340300.0,11302017125132MSMP_MARCH 17_final_release.pdf,1034.8354025353447
2017,Limestone,Odisha,121794047.0,121010100.0,11302017125132MSMP_MARCH 17_final_release.pdf,993.5633389372471
2017,Limestone,Rajasthan,166500584.0,178516730.0,11302017125132MSMP_MARCH 17_final_release.pdf,1072.1687919124656
2017,Limestone,Tamil Nadu,69207039.0,62272976.0,11302017125132MSMP_MARCH 17_final_release.pdf,899.8069690570059
2017,Limestone,Andhra Pradesh,1020320.0,612207.0,11302017125132MSMP_MARCH 17_final_release.pdf,600.0147012701898
2017,Limestone,Chhattisgarh,61806458.0,54103613.0,11302017125132MSMP_MARCH 17_final_release.pdf,875.371518620271
2017,Limestone,Gujarat,2878562.0,4876805.0,11302017125132MSMP_MARCH 17_final_release.pdf,1694.1809834215835
2017,Limestone,Jharkhand,17906362.0,18218578.0,11302017125132MSMP_MARCH 17_final_release.pdf,1017.4360375379432
2017,Limestone,Karnataka,49368868.0,38269690.0,11302017125132MSMP_MARCH 17_final_release.pdf,775.1786004086624
2017,Limestone,Madhya Pradesh,9254915.0,8605588.0,11302017125132MSMP_MARCH 17_final_release.pdf,929.8397662215158
2017,Limestone,Maharashtra,7555962.0,5348664.0,11302017125132MSMP_MARCH 17_final_release.pdf,707.8733323433866
2017,Limestone,Odisha,162381109.0,141210527.0,11302017125132MSMP_MARCH 17_final_release.pdf,869.6241075678329
2017,Limestone,Rajasthan,77415372.0,62762018.0,11302017125132MSMP_MARCH 17_final_release.pdf,810.7177732091761
2017,Limestone,Tamil Nadu,4811.0,19002.0,11302017125132MSMP_MARCH 17_final_release.pdf,3949.6986073581375
2017,Limestone,Andhra Pradesh,7935925.0,7376857.0,11302017125132MSMP_MARCH 17_final_release.pdf,929.5522576133217
2017,Limestone,Chhattisgarh,7895458.0,7019448.0,11302017125132MSMP_MARCH 17_final_release.pdf,889.0488683493725
2017,Limestone,Gujarat,4646523.0,4690881.0,11302017125132MSMP_MARCH 17_final_release.pdf,1009.5464931519762
2017,Limestone,Jharkhand,563615.0,532928.0,11302017125132MSMP_MARCH 17_final_release.pdf,945.5532588735218
2017,Limestone,Karnataka,5099773.0,4366891.0,11302017125132MSMP_MARCH 17_final_release.pdf,856.2912506105664
2017,Limestone,Madhya Pradesh,7119258.0,9545225.0,11302017125132MSMP_MARCH 17_final_release.pdf,1340.7612141602397
2017,Limestone,Maharashtra,2442041.0,2896400.0,11302017125132MSMP_MARCH 17_final_release.pdf,1186.0570727518498
2017,Limestone,Odisha,1848363.0,1679795.0,11302017125132MSMP_MARCH 17_final_release.pdf,908.8014637817355
2017,Limestone,Rajasthan,18600329.0,19141490.0,11302017125132MSMP_MARCH 17_final_release.pdf,1029.094162796798
2017,Limestone,Tamil Nadu,6847727.0,7486345.0,11302017125132MSMP_MARCH 17_final_release.pdf,1093.259851042543
2017,Limestone,Chhattisgarh,130605.0,147436800.0,11302017125132MSMP_MARCH 17_final_release.pdf,1128875.617319398
2017,Limestone,Jharkhand,121067.0,187369900.0,11302017125132MSMP_MARCH 17_final_release.pdf,1547654.6044752079
2017,Limestone,Madhya Pradesh,107714.0,132254900.0,11302017125132MSMP_MARCH 17_final_release.pdf,1227833.8934586034
2017,Limestone,Maharashtra,38351.0,65340300.0,11302017125132MSMP_MARCH 17_final_release.pdf,1703744.36129436
2017,Limestone,Odisha,138461.0,121010100.0,11302017125132MSMP_MARCH 17_final_release.pdf,873965.2320870137
2017,Limestone,Gujarat,10123.0,14723500.0,11302017125132MSMP_MARCH 17_final_release.pdf,1454460.1402746222
2017,Limestone,Rajasthan,9492.0,11103300.0,11302017125132MSMP_MARCH 17_final_release.pdf,1169753.4766118836
2017,Limestone,Tamil Nadu,24227.0,49168000.0,11302017125132MSMP_MARCH 17_final_release.pdf,2029471.2510835018
2017,Limestone,Andhra Pradesh,619.0,5119209.0,11302017125132MSMP_MARCH 17_final_release.pdf,8270127.625201939
2017,Limestone,Gujarat,1490.0,12322491.0,11302017125132MSMP_MARCH 17_final_release.pdf,8270128.187919463
2017,Limestone,Rajasthan,1338.0,11065431.0,11302017125132MSMP_MARCH 17_final_release.pdf,8270127.802690583
2017,Limestone,Tamil Nadu,1011.0,8361099.0,11302017125132MSMP_MARCH 17_final_release.pdf,8270127.596439169
2017,Limestone,Andhra Pradesh,295.0,5361853.0,11302017125132MSMP_MARCH 17_final_release.pdf,18175772.881355934
2017,Limestone,Gujarat,4461.0,81082123.0,11302017125132MSMP_MARCH 17_final_release.pdf,18175772.92086976
2017,Limestone,Rajasthan,8602.0,156347999.0,11302017125132MSMP_MARCH 17_final_release.pdf,18175772.959776796
2017,Limestone,Tamil Nadu,261.0,4743877.0,11302017125132MSMP_MARCH 17_final_release.pdf,18175773.946360152
2017,Iron Ore,Andhra Pradesh,493.0,283258.0,11302017125132MSMP_MARCH 17_final_release.pdf,574.5598377281948
2017,Iron Ore,Chhattisgarh,26718.0,52780037.0,11302017125132MSMP_MARCH 17_final_release.pdf,1975.4486488509617
2017,Iron Ore,Jharkhand,19198.0,16494215.0,11302017125132MSMP_MARCH 17_final_release.pdf,859.1631940827169
2017,Iron Ore,Karnataka,25036.0,34659850.0,11302017125132MSMP_MARCH 17_final_release.pdf,1384.4004633328007
2017,Iron Ore,Madhya Pradesh,2447.0,1475651.0,11302017125132MSMP_MARCH 17_final_release.pdf,603.044953003678
2017,Iron Ore,Maharashtra,1420.0,1500657.0,11302017125132MSMP_MARCH 17_final_release.pdf,1056.800704225352
2017,Iron Ore,Odisha,79856.0,112112226.0,11302017125132MSMP_MARCH 17_final_release.pdf,1403.929898817872
2017,Iron Ore,Rajasthan,1146.0,1768585.0,11302017125132MSMP_MARCH 17_final_release.pdf,1543.2678883071553
2017,Iron Ore,Andhra Pradesh,312.0,227859.0,11302017125132MSMP_MARCH 17_final_release.pdf,730.3173076923077
2017,Iron Ore,Chhattisgarh,10214.0,24169097.0,11302017125132MSMP_MARCH 17_final_release.pdf,2366.2714901116115
2017,Iron Ore,Jharkhand,6154.0,6032530.0,11302017125132MSMP_MARCH 17_final_release.pdf,980.2616184595386
2017,Iron Ore,Karnataka,7990.0,14927975.0,11302017125132MSMP_MARCH 17_final_release.pdf,1868.3322903629537
2017,Iron Ore,Madhya Pradesh,268.0,174566.0,11302017125132MSMP_MARCH 17_final_release.pdf,651.365671641791
2017,Iron Ore,Maharashtra,198.0,349230.0,11302017125132MSMP_MARCH 17_final_release.pdf,1763.787878787879
2017,Iron Ore,Odisha,29103.0,52579559.0,11302017125132MSMP_MARCH 17_final_release.pdf,1806.6714428065836
2017,Iron Ore,Rajasthan,111.0,40601.0,11302017125132MSMP_MARCH 17_final_release.pdf,365.7747747747748
2017,Iron Ore,Andhra Pradesh,181.0,55399.0,11302017125132MSMP_MARCH 17_final_release.pdf,306.07182320441984
2017,Iron Ore,Chhattisgarh,16504.0,28610940.0,11302017125132MSMP_MARCH 17_final_release.pdf,1733.5761027629667
2017,Iron Ore,Jharkhand,13044.0,10461685.0,11302017125132MSMP_MARCH 17_final_release.pdf,802.0304354492487
2017,Iron Ore,Karnataka,17046.0,19731875.0,11302017125132MSMP_MARCH 17_final_release.pdf,1157.5662912120147
2017,Iron Ore,Madhya Pradesh,2179.0,1301085.0,11302017125132MSMP_MARCH 17_final_release.pdf,597.101881597063
2017,Iron Ore,Maharashtra,1222.0,1151427.0,11302017125132MSMP_MARCH 17_final_release.pdf,942.247954173486
2017,Iron Ore,Odisha,50694.0,59421386.0,11302017125132MSMP_MARCH 17_final_release.pdf,1172.1581646743205
2017,Iron Ore,Rajasthan,1032.0,1727456.0,11302017125132MSMP_MARCH 17_final_release.pdf,1673.891472868217
2017,Limestone,Andhra Pradesh,32579.0,6556564.0,11302017125132MSMP_MARCH 17_final_release.pdf,201251.23545842414
2017,Limestone,Chhattisgarh,27667.0,7013331.0,11302017125132MSMP_MARCH 17_final_release.pdf,253490.83745978965
2017,Limestone,Gujarat,25622.0,4370924.0,11302017125132MSMP_MARCH 17_final_release.pdf,170592.61572086488
2017,Limestone,Jharkhand,1076.0,509938.0,11302017125132MSMP_MARCH 17_final_release.pdf,473920.0743494424
2017,Limestone,Karnataka,27062.0,4325671.0,11302017125132MSMP_MARCH 17_final_release.pdf,159842.9901707191
2017,Limestone,Madhya Pradesh,39430.0,8868182.0,11302017125132MSMP_MARCH 17_final_release.pdf,224909.510524981
2017,Limestone,Maharashtra,13036.0,2842122.0,11302017125132MSMP_MARCH 17_final_release.pdf,218021.01871739796
2017,Limestone,Odisha,4532.0,1489611.0,11302017125132MSMP_MARCH 17_final_release.pdf,328687.33451015
2017,Limestone,Rajasthan,67336.0,15253871.0,11302017125132MSMP_MARCH 17_final_release.pdf,226533.6669834858
2017,Limestone,Tamil Nadu,23008.0,6623612.0,11302017125132MSMP_MARCH 17_final_release.pdf,287882.99721835885
2017,Limestone,Karnataka,1221.0,1258.0,11302017125132MSMP_MARCH 17_final_release.pdf,1030.3030303030303
2017,Limestone,Karnataka,8161.0,39962.0,11302017125132MSMP_MARCH 17_final_release.pdf,4896.7038353143
2017,Limestone,Tamil Nadu,264913.0,705318.0,11302017125132MSMP_MARCH 17_final_release.pdf,2662.4514463238875
2017,Limestone,Gujarat,2389707.0,319957.0,11302017125132MSMP_MARCH 17_final_release.pdf,133.8896358423857
2017,Limestone,Chhattisgarh,26042.0,6117.0,11302017125132MSMP_MARCH 17_final_release.pdf,234.88979341064433
2017,Limestone,Rajasthan,3103.0,6206.0,11302017125132MSMP_MARCH 17_final_release.pdf,2000.0
2017,Limestone,Rajasthan,47386.0,20735.0,11302017125132MSMP_MARCH 17_final_release.pdf,437.5764993880049
2017,Limestone,Gujarat,101743.0,0.0,11302017125132MSMP_MARCH 17_final_release.pdf,0.0
2017,Limestone,Maharashtra,56670.0,0.0,11302017125132MSMP_MARCH 17_final_release.pdf,0.0
2017,Limestone,Andhra Pradesh,21890.0,7986.0,11302017125132MSMP_MARCH 17_final_release.pdf,364.8241206030151
2017,Limestone,Rajasthan,421.0,400.0,11302017125132MSMP_MARCH 17_final_release.pdf,950.1187648456057
2017,Limestone,Tamil Nadu,968.0,2170.0,11302017125132MSMP_MARCH 17_final_release.pdf,2241.7355371900826
2017,Limestone,Rajasthan,175348.0,150313.0,11302017125132MSMP_MARCH 17_final_release.pdf,857.2267719050118
2017,Limestone,Chhattisgarh,2565.0,2177.0,11302017125132MSMP_MARCH 17_final_release.pdf,848.7329434697856
2017,Limestone,Odisha,7058.0,6915.0,11302017125132MSMP_MARCH 17_final_release.pdf,979.7393029186738
2018,Limestone,Andhra Pradesh,11123298.0,9330823.0,12172018133547MSMP_MAR_2018_Rev.pdf,838.8539981577406
2018,Limestone,Chhattisgarh,91839863.0,70679868.0,12172018133547MSMP_MAR_2018_Rev.pdf,769.5990138835464
2018,Limestone,Gujarat,6778917.0,8575879.0,12172018133547MSMP_MAR_2018_Rev.pdf,1265.0809856500678
2018,Limestone,Jharkhand,20703857.0,17160384.0,12172018133547MSMP_MAR_2018_Rev.pdf,828.8496196626551
2018,Limestone,Karnataka,81799724.0,55521777.0,12172018133547MSMP_MAR_2018_Rev.pdf,678.7526202411148
2018,Limestone,Madhya Pradesh,21412753.0,18145568.0,12172018133547MSMP_MAR_2018_Rev.pdf,847.4187321919792
2018,Limestone,Maharashtra,12289218.0,11159892.0,12172018133547MSMP_MAR_2018_Rev.pdf,908.1043236437014
2018,Limestone,Odisha,200917711.0,160195056.0,12172018133547MSMP_MAR_2018_Rev.pdf,797.3167482482418
2018,Limestone,Rajasthan,110191103.0,96532228.0,12172018133547MSMP_MAR_2018_Rev.pdf,876.0437582696673
2018,Limestone,Tamil Nadu,5950854.0,7478149.0,12172018133547MSMP_MAR_2018_Rev.pdf,1256.6513982698955
2018,Limestone,Andhra Pradesh,1154851.0,993802.0,12172018133547MSMP_MAR_2018_Rev.pdf,860.545646148291
2018,Limestone,Chhattisgarh,83554299.0,62050380.0,12172018133547MSMP_MAR_2018_Rev.pdf,742.6353968932227
2018,Limestone,Gujarat,1609239.0,3147661.0,12172018133547MSMP_MAR_2018_Rev.pdf,1955.9934851193639
2018,Limestone,Jharkhand,20170099.0,16647266.0,12172018133547MSMP_MAR_2018_Rev.pdf,825.3437923135627
2018,Limestone,Karnataka,76599268.0,50003471.0,12172018133547MSMP_MAR_2018_Rev.pdf,652.7930658554073
2018,Limestone,Madhya Pradesh,12083016.0,8971934.0,12172018133547MSMP_MAR_2018_Rev.pdf,742.5243829851752
2018,Limestone,Maharashtra,9113935.0,8276768.0,12172018133547MSMP_MAR_2018_Rev.pdf,908.1442867433221
2018,Limestone,Odisha,198948970.0,158348079.0,12172018133547MSMP_MAR_2018_Rev.pdf,795.9230902276096
2018,Limestone,Rajasthan,90116962.0,77530055.0,12172018133547MSMP_MAR_2018_Rev.pdf,860.3269937129039
2018,Limestone,Andhra Pradesh,9968447.0,8337021.0,12172018133547MSMP_MAR_2018_Rev.pdf,836.3410067786888
2018,Limestone,Chhattisgarh,8285564.0,8629488.0,12172018133547MSMP_MAR_2018_Rev.pdf,1041.5088218496653
2018,Limestone,Gujarat,5169678.0,5428218.0,12172018133547MSMP_MAR_2018_Rev.pdf,1050.0108517397023
2018,Limestone,Jharkhand,533758.0,513118.0,12172018133547MSMP_MAR_2018_Rev.pdf,961.3307903581773
2018,Limestone,Karnataka,5200456.0,5518306.0,12172018133547MSMP_MAR_2018_Rev.pdf,1061.1196402776986
2018,Limestone,Madhya Pradesh,9329737.0,9173634.0,12172018133547MSMP_MAR_2018_Rev.pdf,983.2682314624732
2018,Limestone,Maharashtra,3175283.0,2883124.0,12172018133547MSMP_MAR_2018_Rev.pdf,907.9896185631328
2018,Limestone,Odisha,1968741.0,1846977.0,12172018133547MSMP_MAR_2018_Rev.pdf,938.1513363108708
2018,Limestone,Rajasthan,20074141.0,19002173.0,12172018133547MSMP_MAR_2018_Rev.pdf,946.5995581081153
2018,Limestone,Chhattisgarh,142510.0,138525.0,12172018133547MSMP_MAR_2018_Rev.pdf,972.0370500315768
2018,Limestone,Jharkhand,123485.0,126435.0,12172018133547MSMP_MAR_2018_Rev.pdf,1023.8895412398267
2018,Limestone,Madhya Pradesh,112239.0,105013.0,12172018133547MSMP_MAR_2018_Rev.pdf,935.6195261896489
2018,Limestone,Maharashtra,42220.0,40559.0,12172018133547MSMP_MAR_2018_Rev.pdf,960.6584557081952
2018,Limestone,Odisha,143328.0,139359.0,12172018133547MSMP_MAR_2018_Rev.pdf,972.3082719357
2018,Limestone,Gujarat,13782.0,10546.0,12172018133547MSMP_MAR_2018_Rev.pdf,765.2009867943694
2018,Limestone,Rajasthan,7606.0,8480.0,12172018133547MSMP_MAR_2018_Rev.pdf,1114.9092821456745
2018,Limestone,Tamil Nadu,26280.0,26204.0,12172018133547MSMP_MAR_2018_Rev.pdf,997.1080669710807
2018,Limestone,Andhra Pradesh,943.0,868.0,12172018133547MSMP_MAR_2018_Rev.pdf,920.4665959703075
2018,Limestone,Gujarat,1557.0,1580.0,12172018133547MSMP_MAR_2018_Rev.pdf,1014.771997430957
2018,Limestone,Madhya Pradesh,199.0,6.0,12172018133547MSMP_MAR_2018_Rev.pdf,30.150753768844222
2018,Limestone,Rajasthan,1388.0,1278.0,12172018133547MSMP_MAR_2018_Rev.pdf,920.749279538905
2018,Limestone,Tamil Nadu,1186.0,983.0,12172018133547MSMP_MAR_2018_Rev.pdf,828.8364249578415
2018,Limestone,Andhra Pradesh,322.0,276.0,12172018133547MSMP_MAR_2018_Rev.pdf,857.1428571428571
2018,Limestone,Gujarat,4592.0,4605.0,12172018133547MSMP_MAR_2018_Rev.pdf,1002.8310104529617
2018,Limestone,Rajasthan,7885.0,8165.0,12172018133547MSMP_MAR_2018_Rev.pdf,1035.5104629042485
2018,Limestone,Tamil Nadu,347.0,284.0,12172018133547MSMP_MAR_2018_Rev.pdf,818.4438040345822
2018,Iron Ore,Andhra Pradesh,485.0,264799.0,12172018133547MSMP_MAR_2018_Rev.pdf,545.9773195876288
2018,Iron Ore,Chhattisgarh,33285.0,60676299.0,12172018133547MSMP_MAR_2018_Rev.pdf,1822.9322217214963
2018,Iron Ore,Jharkhand,21226.0,14623291.0,12172018133547MSMP_MAR_2018_Rev.pdf,688.9329595778761
2018,Iron Ore,Karnataka,26483.0,44516152.0,12172018133547MSMP_MAR_2018_Rev.pdf,1680.9331269116037
2018,Iron Ore,Madhya Pradesh,1772.0,767339.0,12172018133547MSMP_MAR_2018_Rev.pdf,433.03555304740405
2018,Iron Ore,Maharashtra,1321.0,1152443.0,12172018133547MSMP_MAR_2018_Rev.pdf,872.4019682059046
2018,Iron Ore,Odisha,99614.0,115628185.0,12172018133547MSMP_MAR_2018_Rev.pdf,1160.7623928363485
2018,Iron Ore,Rajasthan,1228.0,3107923.0,12172018133547MSMP_MAR_2018_Rev.pdf,2530.881921824104
2018,Iron Ore,Andhra Pradesh,302.0,204091.0,12172018133547MSMP_MAR_2018_Rev.pdf,675.7980132450331
2018,Iron Ore,Chhattisgarh,12096.0,24402985.0,12172018133547MSMP_MAR_2018_Rev.pdf,2017.442542989418
2018,Iron Ore,Jharkhand,5939.0,4646787.0,12172018133547MSMP_MAR_2018_Rev.pdf,782.4190941235898
2018,Iron Ore,Karnataka,8891.0,16622763.0,12172018133547MSMP_MAR_2018_Rev.pdf,1869.6168035091664
2018,Iron Ore,Madhya Pradesh,136.0,108922.0,12172018133547MSMP_MAR_2018_Rev.pdf,800.8970588235294
2018,Iron Ore,Maharashtra,231.0,370585.0,12172018133547MSMP_MAR_2018_Rev.pdf,1604.2640692640691
2018,Iron Ore,Odisha,35565.0,53693919.0,12172018133547MSMP_MAR_2018_Rev.pdf,1509.7404470687475
2018,Iron Ore,Rajasthan,122.0,41668.0,12172018133547MSMP_MAR_2018_Rev.pdf,341.54098360655735
2018,Iron Ore,Andhra Pradesh,183.0,60708.0,12172018133547MSMP_MAR_2018_Rev.pdf,331.7377049180328
2018,Iron Ore,Chhattisgarh,21189.0,36273314.0,12172018133547MSMP_MAR_2018_Rev.pdf,1711.8936240502146
2018,Iron Ore,Jharkhand,15287.0,9976504.0,12172018133547MSMP_MAR_2018_Rev.pdf,652.6135932491659
2018,Iron Ore,Karnataka,17592.0,27893389.0,12172018133547MSMP_MAR_2018_Rev.pdf,1585.5723624374716
2018,Iron Ore,Madhya Pradesh,1634.0,655590.0,12172018133547MSMP_MAR_2018_Rev.pdf,401.21787025703793
2018,Iron Ore,Maharashtra,1090.0,781858.0,12172018133547MSMP_MAR_2018_Rev.pdf,717.3009174311927
2018,Iron Ore,Odisha,64049.0,61934266.0,12172018133547MSMP_MAR_2018_Rev.pdf,966.982560227326
2018,Iron Ore,Rajasthan,611.0,48.0,12172018133547MSMP_MAR_2018_Rev.pdf,78.55973813420621
2018,Iron Ore,Rajasthan,1106.0,3066207.0,12172018133547MSMP_MAR_2018_Rev.pdf,2772.339059674503
2018,Limestone,Andhra Pradesh,35515.0,7446888.0,12172018133547MSMP_MAR_2018_Rev.pdf,209682.8945515979
2018,Limestone,Chhattisgarh,32156.0,8622865.0,12172018133547MSMP_MAR_2018_Rev.pdf,268157.2645851474
2018,Limestone,Gujarat,25813.0,5110332.0,12172018133547MSMP_MAR_2018_Rev.pdf,197975.1288110642
2018,Limestone,Jharkhand,1146.0,501660.0,12172018133547MSMP_MAR_2018_Rev.pdf,437748.6910994764
2018,Limestone,Karnataka,29751.0,5475530.0,12172018133547MSMP_MAR_2018_Rev.pdf,184045.24217673356
2018,Limestone,Madhya Pradesh,36164.0,8405039.0,12172018133547MSMP_MAR_2018_Rev.pdf,232414.52826014822
2018,Limestone,Maharashtra,12124.0,2840194.0,12172018133547MSMP_MAR_2018_Rev.pdf,234262.1247113164
2018,Limestone,Odisha,4752.0,1598449.0,12172018133547MSMP_MAR_2018_Rev.pdf,336373.9478114478
2018,Limestone,Rajasthan,66906.0,15908982.0,12172018133547MSMP_MAR_2018_Rev.pdf,237781.09586584163
2018,Limestone,Tamil Nadu,23670.0,6692906.0,12172018133547MSMP_MAR_2018_Rev.pdf,282759.01985635824
2018,Limestone,Karnataka,4003.0,7779.0,12172018133547MSMP_MAR_2018_Rev.pdf,1943.2925306020484
2018,Limestone,Karnataka,8391.0,34997.0,12172018133547MSMP_MAR_2018_Rev.pdf,4170.778214753903
2018,Limestone,Tamil Nadu,223406.0,623084.0,12172018133547MSMP_MAR_2018_Rev.pdf,2789.020885741654
2018,Limestone,Gujarat,2203700.0,317886.0,12172018133547MSMP_MAR_2018_Rev.pdf,144.25103235467623
2018,Limestone,Chhattisgarh,27685.0,6623.0,12172018133547MSMP_MAR_2018_Rev.pdf,239.22701824092468
2018,Limestone,Rajasthan,4328.0,8656.0,12172018133547MSMP_MAR_2018_Rev.pdf,2000.0
2018,Limestone,Rajasthan,77270.0,55340.0,12172018133547MSMP_MAR_2018_Rev.pdf,716.1899831758768
2018,Limestone,Gujarat,100952.0,0.0,12172018133547MSMP_MAR_2018_Rev.pdf,0.0
2018,Limestone,Maharashtra,48990.0,0.0,12172018133547MSMP_MAR_2018_Rev.pdf,0.0
2018,Limestone,Odisha,86734.0,0.0,12172018133547MSMP_MAR_2018_Rev.pdf,0.0
2018,Limestone,Andhra Pradesh,7225.0,2441.0,12172018133547MSMP_MAR_2018_Rev.pdf,337.8546712802768
2018,Limestone,Rajasthan,127.0,127.0,12172018133547MSMP_MAR_2018_Rev.pdf,1000.0
2018,Limestone,Tamil Nadu,1690.0,5594.0,12172018133547MSMP_MAR_2018_Rev.pdf,3310.059171597633
2018,Limestone,Rajasthan,166186.0,158823.0,12172018133547MSMP_MAR_2018_Rev.pdf,955.6942221366421
2018,Limestone,Chhattisgarh,3203.0,2453.0,12172018133547MSMP_MAR_2018_Rev.pdf,765.8445207617858
2018,Limestone,Jharkhand,105.0,111.0,12172018133547MSMP_MAR_2018_Rev.pdf,1057.142857142857
2018,Limestone,Karnataka,2068.0,2340.0,12172018133547MSMP_MAR_2018_Rev.pdf,1131.5280464216635
2018,Limestone,Maharashtra,159.0,51.0,12172018133547MSMP_MAR_2018_Rev.pdf,320.75471698113205
2018,Limestone,Odisha,6439.0,5198.0,12172018133547MSMP_MAR_2018_Rev.pdf,807.2682093492779
2020,Limestone,Andhra Pradesh,12923845.0,11435094.0,05192020165845MSMP_MARCH_REV_2019.pdf,884.8058762697943
2020,Limestone,Chhattisgarh,110762444.0,92411329.0,05192020165845MSMP_MARCH_REV_2019.pdf,834.3200606877183
2020,Limestone,Gujarat,6961939.0,7850491.0,05192020165845MSMP_MARCH_REV_2019.pdf,1127.6299605612746
2020,Limestone,Jharkhand,25109919.0,24156749.0,05192020165845MSMP_MARCH_REV_2019.pdf,962.0401005674291
2020,Limestone,Karnataka,87418824.0,86809218.0,05192020165845MSMP_MARCH_REV_2019.pdf,993.0266048877528
2020,Limestone,Madhya Pradesh,25821077.0,23186437.0,05192020165845MSMP_MARCH_REV_2019.pdf,897.9655263798641
2020,Limestone,Maharashtra,13177721.0,12405349.0,05192020165845MSMP_MARCH_REV_2019.pdf,941.3880442604606
2020,Limestone,Odisha,301702249.0,196101000.0,05192020165845MSMP_MARCH_REV_2019.pdf,649.9818965552358
2020,Limestone,Rajasthan,128318193.0,111777483.0,05192020165845MSMP_MARCH_REV_2019.pdf,871.0961430075624
2020,Limestone,Tamil Nadu,6776569.0,6553035.0,05192020165845MSMP_MARCH_REV_2019.pdf,967.0136908515209
2020,Limestone,Andhra Pradesh,1657712.0,1109206.0,05192020165845MSMP_MARCH_REV_2019.pdf,669.1186406323897
2020,Limestone,Chhattisgarh,101537476.0,83757352.0,05192020165845MSMP_MARCH_REV_2019.pdf,824.8910185634317
2020,Limestone,Gujarat,1293201.0,2141013.0,05192020165845MSMP_MARCH_REV_2019.pdf,1655.5918221529369
2020,Limestone,Jharkhand,24663272.0,23161411.0,05192020165845MSMP_MARCH_REV_2019.pdf,939.1053628245271
2020,Limestone,Karnataka,81426801.0,81028574.0,05192020165845MSMP_MARCH_REV_2019.pdf,995.1093866502259
2020,Limestone,Madhya Pradesh,14397235.0,11928823.0,05192020165845MSMP_MARCH_REV_2019.pdf,828.5495791379386
2020,Limestone,Maharashtra,9836452.0,9228157.0,05192020165845MSMP_MARCH_REV_2019.pdf,938.159104522647
2020,Limestone,Odisha,299383006.0,194161061.0,05192020165845MSMP_MARCH_REV_2019.pdf,648.5373488433743
2020,Limestone,Rajasthan,106170901.0,90537094.0,05192020165845MSMP_MARCH_REV_2019.pdf,852.7486641561043
2020,Limestone,Andhra Pradesh,11266133.0,10325888.0,05192020165845MSMP_MARCH_REV_2019.pdf,916.5423486479344
2020,Limestone,Chhattisgarh,9224968.0,8653977.0,05192020165845MSMP_MARCH_REV_2019.pdf,938.1037419316793
2020,Limestone,Gujarat,5668738.0,5709478.0,05192020165845MSMP_MARCH_REV_2019.pdf,1007.1867847834915
2020,Limestone,Jharkhand,446647.0,995338.0,05192020165845MSMP_MARCH_REV_2019.pdf,2228.4667757759485
2020,Limestone,Karnataka,5992023.0,5780644.0,05192020165845MSMP_MARCH_REV_2019.pdf,964.7232662491449
2020,Limestone,Madhya Pradesh,11423842.0,11257614.0,05192020165845MSMP_MARCH_REV_2019.pdf,985.449028444196
2020,Limestone,Maharashtra,3341269.0,3177192.0,05192020165845MSMP_MARCH_REV_2019.pdf,950.8938071134052
2020,Limestone,Odisha,2319243.0,1939939.0,05192020165845MSMP_MARCH_REV_2019.pdf,836.4535324672748
2020,Limestone,Rajasthan,22147292.0,21240389.0,05192020165845MSMP_MARCH_REV_2019.pdf,959.0512916883924
2020,Limestone,Chhattisgarh,161893.0,142546.0,05192020165845MSMP_MARCH_REV_2019.pdf,880.4951418529523
2020,Limestone,Jharkhand,134666.0,123297.0,05192020165845MSMP_MARCH_REV_2019.pdf,915.5763147342313
2020,Limestone,Madhya Pradesh,118661.0,112127.0,05192020165845MSMP_MARCH_REV_2019.pdf,944.9355727661152
2020,Limestone,Maharashtra,49818.0,42219.0,05192020165845MSMP_MARCH_REV_2019.pdf,847.4647717692401
2020,Limestone,Odisha,144312.0,143328.0,05192020165845MSMP_MARCH_REV_2019.pdf,993.1814402128721
2020,Limestone,Gujarat,12565.0,13781.0,05192020165845MSMP_MARCH_REV_2019.pdf,1096.7767608436131
2020,Limestone,Rajasthan,8677.0,9294.0,05192020165845MSMP_MARCH_REV_2019.pdf,1071.107525642503
2020,Limestone,Tamil Nadu,23041.0,23569.0,05192020165845MSMP_MARCH_REV_2019.pdf,1022.9156720628445
2020,Limestone,Andhra Pradesh,1046.0,959.0,05192020165845MSMP_MARCH_REV_2019.pdf,916.8260038240918
2020,Limestone,Gujarat,1349.0,1605.0,05192020165845MSMP_MARCH_REV_2019.pdf,1189.770200148258
2020,Limestone,Madhya Pradesh,357.0,200.0,05192020165845MSMP_MARCH_REV_2019.pdf,560.2240896358544
2020,Limestone,Rajasthan,1378.0,1442.0,05192020165845MSMP_MARCH_REV_2019.pdf,1046.44412191582
2020,Limestone,Tamil Nadu,1167.0,1208.0,05192020165845MSMP_MARCH_REV_2019.pdf,1035.1328191945158
2020,Limestone,Andhra Pradesh,296.0,322.0,05192020165845MSMP_MARCH_REV_2019.pdf,1087.837837837838
2020,Limestone,Gujarat,4625.0,4590.0,05192020165845MSMP_MARCH_REV_2019.pdf,992.4324324324324
2020,Limestone,Rajasthan,7667.0,7887.0,05192020165845MSMP_MARCH_REV_2019.pdf,1028.6944045911048
2020,Limestone,Tamil Nadu,395.0,345.0,05192020165845MSMP_MARCH_REV_2019.pdf,873.4177215189874
2020,Iron Ore,Andhra Pradesh,674.0,402892.0,05192020165845MSMP_MARCH_REV_2019.pdf,597.7626112759644
2020,Iron Ore,Chhattisgarh,34418.0,81546969.0,05192020165845MSMP_MARCH_REV_2019.pdf,2369.311668313092
2020,Iron Ore,Jharkhand,20169.0,20636973.0,05192020165845MSMP_MARCH_REV_2019.pdf,1023.202588130299
2020,Iron Ore,Karnataka,28691.0,74742826.0,05192020165845MSMP_MARCH_REV_2019.pdf,2605.096580809313
2020,Iron Ore,Madhya Pradesh,2743.0,1239712.0,05192020165845MSMP_MARCH_REV_2019.pdf,451.9547940211447
2020,Iron Ore,Maharashtra,940.0,1029104.0,05192020165845MSMP_MARCH_REV_2019.pdf,1094.7914893617021
2020,Iron Ore,Odisha,102186.0,150845108.0,05192020165845MSMP_MARCH_REV_2019.pdf,1476.1817470103538
2020,Iron Ore,Rajasthan,1320.0,4066062.0,05192020165845MSMP_MARCH_REV_2019.pdf,3080.35
2020,Iron Ore,Andhra Pradesh,402.0,320091.0,05192020165845MSMP_MARCH_REV_2019.pdf,796.2462686567164
2020,Iron Ore,Chhattisgarh,12222.0,31781088.0,05192020165845MSMP_MARCH_REV_2019.pdf,2600.318114874816
2020,Iron Ore,Jharkhand,6090.0,6984493.0,05192020165845MSMP_MARCH_REV_2019.pdf,1146.8789819376027
2020,Iron Ore,Karnataka,9427.0,27966193.0,05192020165845MSMP_MARCH_REV_2019.pdf,2966.6058130900606
2020,Iron Ore,Madhya Pradesh,359.0,186400.0,05192020165845MSMP_MARCH_REV_2019.pdf,519.2200557103064
2020,Iron Ore,Maharashtra,323.0,500406.0,05192020165845MSMP_MARCH_REV_2019.pdf,1549.2445820433436
2020,Iron Ore,Odisha,34398.0,69584107.0,05192020165845MSMP_MARCH_REV_2019.pdf,2022.9114192685622
2020,Iron Ore,Rajasthan,126.0,43505.0,05192020165845MSMP_MARCH_REV_2019.pdf,345.27777777777777
2020,Iron Ore,Andhra Pradesh,272.0,82801.0,05192020165845MSMP_MARCH_REV_2019.pdf,304.4154411764706
2020,Iron Ore,Chhattisgarh,22196.0,49765881.0,05192020165845MSMP_MARCH_REV_2019.pdf,2242.1103351955308
2020,Iron Ore,Jharkhand,14079.0,13652480.0,05192020165845MSMP_MARCH_REV_2019.pdf,969.705234746786
2020,Iron Ore,Karnataka,19264.0,46776633.0,05192020165845MSMP_MARCH_REV_2019.pdf,2428.1890053986713
2020,Iron Ore,Madhya Pradesh,2384.0,1053312.0,05192020165845MSMP_MARCH_REV_2019.pdf,441.8255033557047
2020,Iron Ore,Maharashtra,617.0,528698.0,05192020165845MSMP_MARCH_REV_2019.pdf,856.8849270664506
2020,Iron Ore,Odisha,67504.0,80870647.0,05192020165845MSMP_MARCH_REV_2019.pdf,1198.012665916094
2020,Iron Ore,Odisha,284.0,390354.0,05192020165845MSMP_MARCH_REV_2019.pdf,1374.4859154929577
2020,Iron Ore,Rajasthan,1190.0,4021465.0,05192020165845MSMP_MARCH_REV_2019.pdf,3379.3823529411766
2020,Limestone,Andhra Pradesh,38889.0,8567180.0,05192020165845MSMP_MARCH_REV_2019.pdf,220298.28486204325
2020,Limestone,Chhattisgarh,36391.0,8652173.0,05192020165845MSMP_MARCH_REV_2019.pdf,237755.84622571516
2020,Limestone,Gujarat,26019.0,5414111.0,05192020165845MSMP_MARCH_REV_2019.pdf,208082.97782389793
2020,Limestone,Jharkhand,1190.0,976218.0,05192020165845MSMP_MARCH_REV_2019.pdf,820351.2605042016
2020,Limestone,Karnataka,30059.0,5725156.0,05192020165845MSMP_MARCH_REV_2019.pdf,190463.95422336072
2020,Limestone,Madhya Pradesh,43060.0,10779367.0,05192020165845MSMP_MARCH_REV_2019.pdf,250333.65071992567
2020,Limestone,Maharashtra,14152.0,3134365.0,05192020165845MSMP_MARCH_REV_2019.pdf,221478.5895986433
2020,Limestone,Odisha,4968.0,1578887.0,05192020165845MSMP_MARCH_REV_2019.pdf,317811.39291465376
2020,Limestone,Rajasthan,74138.0,17482060.0,05192020165845MSMP_MARCH_REV_2019.pdf,235804.3108797108
2020,Limestone,Tamil Nadu,20538.0,5994269.0,05192020165845MSMP_MARCH_REV_2019.pdf,291862.35271204595
2020,Limestone,Karnataka,4537.0,12806.0,05192020165845MSMP_MARCH_REV_2019.pdf,2822.5699801631035
2020,Limestone,Karnataka,8419.0,42682.0,05192020165845MSMP_MARCH_REV_2019.pdf,5069.723245040978
2020,Limestone,Tamil Nadu,122430.0,444771.0,05192020165845MSMP_MARCH_REV_2019.pdf,3632.8595932369517
2020,Limestone,Gujarat,1870836.0,295367.0,05192020165845MSMP_MARCH_REV_2019.pdf,157.87968587305355
2020,Limestone,Tamil Nadu,98960.0,35922.0,05192020165845MSMP_MARCH_REV_2019.pdf,362.9951495553759
2020,Limestone,Chhattisgarh,7100.0,1804.0,05192020165845MSMP_MARCH_REV_2019.pdf,254.08450704225353
2020,Limestone,Rajasthan,469.0,939.0,05192020165845MSMP_MARCH_REV_2019.pdf,2002.132196162047
2020,Limestone,Rajasthan,86662.0,53164.0,05192020165845MSMP_MARCH_REV_2019.pdf,613.4638018970252
2020,Limestone,Gujarat,95343.0,0.0,05192020165845MSMP_MARCH_REV_2019.pdf,0.0
2020,Limestone,Maharashtra,58904.0,0.0,05192020165845MSMP_MARCH_REV_2019.pdf,0.0
2020,Limestone,Odisha,231075.0,0.0,05192020165845MSMP_MARCH_REV_2019.pdf,0.0
2020,Limestone,Andhra Pradesh,4790.0,2891.0,05192020165845MSMP_MARCH_REV_2019.pdf,603.5490605427975
2020,Limestone,Tamil Nadu,1264.0,4184.0,05192020165845MSMP_MARCH_REV_2019.pdf,3310.1265822784812
2020,Limestone,Rajasthan,153049.0,126025.0,05192020165845MSMP_MARCH_REV_2019.pdf,823.4290978706166
2020,Limestone,Chhattisgarh,3580.0,2688.0,05192020165845MSMP_MARCH_REV_2019.pdf,750.8379888268156
2020,Limestone,Jharkhand,112.0,186.0,05192020165845MSMP_MARCH_REV_2019.pdf,1660.7142857142858
2020,Limestone,Karnataka,1760.0,2100.0,05192020165845MSMP_MARCH_REV_2019.pdf,1193.1818181818182
2020,Limestone,Odisha,7408.0,7691.0,05192020165845MSMP_MARCH_REV_2019.pdf,1038.2019438444925
2022,Limestone,Andhra Pradesh,10744900.0,13028300.0,04042022180822MSMP Mar 2020 _final release.pdf,1212.5101210806988
2022,Limestone,Chhattisgarh,111251622.0,108275361.0,04042022180822MSMP Mar 2020 _final release.pdf,973.2474821805295
2022,Limestone,Gujarat,6526770.0,7399255.0,04042022180822MSMP Mar 2020 _final release.pdf,1133.6779141903269
2022,Limestone,Jharkhand,31184109.0,31166341.0,04042022180822MSMP Mar 2020 _final release.pdf,999.4302226175517
2022,Limestone,Karnataka,81286362.0,84803138.0,04042022180822MSMP Mar 2020 _final release.pdf,1043.2640348697116
2022,Limestone,Madhya Pradesh,25062614.0,26094884.0,04042022180822MSMP Mar 2020 _final release.pdf,1041.1876430766558
2022,Limestone,Maharashtra,11235353.0,13105218.0,04042022180822MSMP Mar 2020 _final release.pdf,1166.426902652725
2022,Limestone,Odisha,327555460.0,304448325.0,04042022180822MSMP Mar 2020 _final release.pdf,929.4558087964707
2022,Limestone,Rajasthan,125002903.0,129998330.0,04042022180822MSMP Mar 2020 _final release.pdf,1039.9624879111807
2022,Limestone,Tamil Nadu,6660227.0,7230147.0,04042022180822MSMP Mar 2020 _final release.pdf,1085.570656976106
2022,Limestone,Andhra Pradesh,1900184.0,1442102.0,04042022180822MSMP Mar 2020 _final release.pdf,758.9275564892663
2022,Limestone,Chhattisgarh,101647290.0,98607790.0,04042022180822MSMP Mar 2020 _final release.pdf,970.0975795813149
2022,Limestone,Gujarat,1348770.0,1412294.0,04042022180822MSMP Mar 2020 _final release.pdf,1047.0977260763511
2022,Limestone,Andhra Pradesh,8844716.0,11586198.0,04042022180822MSMP Mar 2020 _final release.pdf,1309.9570410174842
2022,Limestone,Chhattisgarh,9604332.0,9667571.0,04042022180822MSMP Mar 2020 _final release.pdf,1006.5844246117273
2022,Limestone,Gujarat,5178000.0,5986961.0,04042022180822MSMP Mar 2020 _final release.pdf,1156.2303978370028
2022,Limestone,Chhattisgarh,157064.0,161893.0,04042022180822MSMP Mar 2020 _final release.pdf,1030.745428615087
2022,Limestone,Jharkhand,133358.0,134666.0,04042022180822MSMP Mar 2020 _final release.pdf,1009.8081854856852
2022,Limestone,Madhya Pradesh,125582.0,118661.0,04042022180822MSMP Mar 2020 _final release.pdf,944.8885986845248
2022,Limestone,Maharashtra,54762.0,49818.0,04042022180822MSMP Mar 2020 _final release.pdf,909.7184178810123
2022,Limestone,Odisha,140861.0,144312.0,04042022180822MSMP Mar 2020 _final release.pdf,1024.4993291258759
2022,Limestone,Gujarat,10389.0,12565.0,04042022180822MSMP Mar 2020 _final release.pdf,1209.4523053229377
2022,Limestone,Rajasthan,6850.0,8676.0,04042022180822MSMP Mar 2020 _final release.pdf,1266.5693430656934
2022,Limestone,Tamil Nadu,24946.0,23041.0,04042022180822MSMP Mar 2020 _final release.pdf,923.6350517116973
2022,Limestone,Andhra Pradesh,875.0,1081.0,04042022180822MSMP Mar 2020 _final release.pdf,1235.4285714285713
2022,Limestone,Gujarat,1288.0,1402.0,04042022180822MSMP Mar 2020 _final release.pdf,1088.5093167701864
2022,Limestone,Madhya Pradesh,344.0,357.0,04042022180822MSMP Mar 2020 _final release.pdf,1037.7906976744187
2022,Limestone,Rajasthan,1773.0,1483.0,04042022180822MSMP Mar 2020 _final release.pdf,836.4354201917654
2022,Limestone,Tamil Nadu,1051.0,1208.0,04042022180822MSMP Mar 2020 _final release.pdf,1149.3815413891532
2022,Limestone,Andhra Pradesh,244.0,296.0,04042022180822MSMP Mar 2020 _final release.pdf,1213.1147540983607
2022,Limestone,Gujarat,4707.0,4626.0,04042022180822MSMP Mar 2020 _final release.pdf,982.791586998088
2022,Limestone,Rajasthan,6652.0,7667.0,04042022180822MSMP Mar 2020 _final release.pdf,1152.5856885147325
2022,Limestone,Tamil Nadu,416.0,395.0,04042022180822MSMP Mar 2020 _final release.pdf,949.5192307692307
2022,Iron Ore,Andhra Pradesh,654.0,402616.0,04042022180822MSMP Mar 2020 _final release.pdf,615.6207951070337
2022,Iron Ore,Chhattisgarh,34893.0,96985465.0,04042022180822MSMP Mar 2020 _final release.pdf,2779.5106468346085
2022,Iron Ore,Jharkhand,28897864.0,23433.0,04042022180822MSMP Mar 2020 _final release.pdf,0.8108903827632381
2022,Iron Ore,Karnataka,66546365.0,29823.0,04042022180822MSMP Mar 2020 _final release.pdf,0.4481537045637279
2022,Iron Ore,Madhya Pradesh,1729975.0,2802.0,04042022180822MSMP Mar 2020 _final release.pdf,1.6196765849217474
2022,Iron Ore,Maharashtra,1280677.0,660.0,04042022180822MSMP Mar 2020 _final release.pdf,0.5153524268804702
2022,Iron Ore,Odisha,278322931.0,113119.0,04042022180822MSMP Mar 2020 _final release.pdf,0.4064307586642942
2022,Iron Ore,Rajasthan,3627536.0,1108.0,04042022180822MSMP Mar 2020 _final release.pdf,0.3054414897605427
2022,Iron Ore,Andhra Pradesh,362.0,269587.0,04042022180822MSMP Mar 2020 _final release.pdf,744.7154696132596
2022,Iron Ore,Chhattisgarh,11657.0,34056295.0,04042022180822MSMP Mar 2020 _final release.pdf,2921.5316976923737
2022,Iron Ore,Jharkhand,10051725.0,6272.0,04042022180822MSMP Mar 2020 _final release.pdf,0.6239725022322039
2022,Iron Ore,Karnataka,24977063.0,9175.0,04042022180822MSMP Mar 2020 _final release.pdf,0.3673370243731219
2022,Iron Ore,Madhya Pradesh,689247.0,535.0,04042022180822MSMP Mar 2020 _final release.pdf,0.7762093995331136
2022,Iron Ore,Maharashtra,180171.0,283.0,04042022180822MSMP Mar 2020 _final release.pdf,1.570730028694962
2022,Iron Ore,Odisha,121557457.0,38238.0,04042022180822MSMP Mar 2020 _final release.pdf,0.314567291416766
2022,Iron Ore,Rajasthan,50739.0,155.0,04042022180822MSMP Mar 2020 _final release.pdf,3.054849326947713
2022,Iron Ore,Andhra Pradesh,292.0,133029.0,04042022180822MSMP Mar 2020 _final release.pdf,455.57876712328766
2022,Iron Ore,Chhattisgarh,23236.0,62929170.0,04042022180822MSMP Mar 2020 _final release.pdf,2708.261749010157
2022,Iron Ore,Jharkhand,18846139.0,17161.0,04042022180822MSMP Mar 2020 _final release.pdf,0.9105843907868875
2022,Iron Ore,Karnataka,41569302.0,20648.0,04042022180822MSMP Mar 2020 _final release.pdf,0.4967126943820226
2022,Iron Ore,Madhya Pradesh,1040728.0,2267.0,04042022180822MSMP Mar 2020 _final release.pdf,2.178282894281695
2022,Iron Ore,Maharashtra,1100506.0,377.0,04042022180822MSMP Mar 2020 _final release.pdf,0.3425696906695647
2022,Iron Ore,Odisha,156145292.0,74374.0,04042022180822MSMP Mar 2020 _final release.pdf,0.4763127920629205
2022,Iron Ore,Odisha,507.0,1007402.0,04042022180822MSMP Mar 2020 _final release.pdf,1986.9861932938857
2022,Iron Ore,Rajasthan,953.0,3847749.0,04042022180822MSMP Mar 2020 _final release.pdf,4037.512067156348
2022,Limestone,Andhra Pradesh,48295.0,10227864.0,04042022180822MSMP Mar 2020 _final release.pdf,211778.94191945335
2022,Limestone,Chhattisgarh,42398.0,9663426.0,04042022180822MSMP Mar 2020 _final release.pdf,227921.74159158452
2022,Limestone,Gujarat,26651.0,5662241.0,04042022180822MSMP Mar 2020 _final release.pdf,212458.85707853365
2022,Limestone,Jharkhand,327070.0,1248.0,04042022180822MSMP Mar 2020 _final release.pdf,3.8156969456079737
2022,Limestone,Karnataka,5965418.0,34378.0,04042022180822MSMP Mar 2020 _final release.pdf,5.762881997539821
2022,Limestone,Madhya Pradesh,11380798.0,50102.0,04042022180822MSMP Mar 2020 _final release.pdf,4.402327499354615
2022,Limestone,Maharashtra,3385790.0,14991.0,04042022180822MSMP Mar 2020 _final release.pdf,4.427622504644411
2022,Limestone,Odisha,1808905.0,5289.0,04042022180822MSMP Mar 2020 _final release.pdf,2.9238683070697467
2022,Limestone,Rajasthan,17547327.0,76567.0,04042022180822MSMP Mar 2020 _final release.pdf,4.363456610798898
2022,Limestone,Tamil Nadu,6370759.0,23864.0,04042022180822MSMP Mar 2020 _final release.pdf,3.7458645037428036
2022,Limestone,Karnataka,3538.0,10699.0,04042022180822MSMP Mar 2020 _final release.pdf,3024.024872809497
2022,Limestone,Karnataka,9108.0,56368.0,04042022180822MSMP Mar 2020 _final release.pdf,6188.844971453667
2022,Limestone,Tamil Nadu,50644.0,198355.0,04042022180822MSMP Mar 2020 _final release.pdf,3916.6535028828685
2022,Limestone,Gujarat,1794940.0,324720.0,04042022180822MSMP Mar 2020 _final release.pdf,180.9085540463748
2022,Limestone,Tamil Nadu,95368.0,24700.0,04042022180822MSMP Mar 2020 _final release.pdf,258.9967284623773
2022,Limestone,Chhattisgarh,14805.0,4145.0,04042022180822MSMP Mar 2020 _final release.pdf,279.9729821006417
2022,Limestone,Rajasthan,2906.0,5812.0,04042022180822MSMP Mar 2020 _final release.pdf,2000.0
2022,Limestone,Rajasthan,80237.0,50206.0,04042022180822MSMP Mar 2020 _final release.pdf,625.7213006468338
2022,Limestone,Gujarat,91962.0,0.0,04042022180822MSMP Mar 2020 _final release.pdf,0.0
2022,Limestone,Maharashtra,46967.0,0.0,04042022180822MSMP Mar 2020 _final release.pdf,0.0
2022,Limestone,Odisha,239344.0,0.0,04042022180822MSMP Mar 2020 _final release.pdf,0.0
2022,Limestone,Andhra Pradesh,2286.0,1372.0,04042022180822MSMP Mar 2020 _final release.pdf,600.174978127734
2022,Limestone,Tamil Nadu,706.0,2337.0,04042022180822MSMP Mar 2020 _final release.pdf,3310.1983002832862
2022,Limestone,Rajasthan,184063.0,172013.0,04042022180822MSMP Mar 2020 _final release.pdf,934.5332847992264
2022,Limestone,Chhattisgarh,2510.0,2817.0,04042022180822MSMP Mar 2020 _final release.pdf,1122.3107569721114
2022,Limestone,Jharkhand,200.0,185.0,04042022180822MSMP Mar 2020 _final release.pdf,925.0
2022,Limestone,Karnataka,921.0,1522.0,04042022180822MSMP Mar 2020 _final release.pdf,1652.5515743756787
2022,Limestone,Odisha,9868.0,12729.0,04042022180822MSMP Mar 2020 _final release.pdf,1289.9270368869072
2022,Limestone,Andhra Pradesh,10029334.0,10941164.0,02102022164140MSMP_Mar_21_advance release.pdf,1090.9163061076638
2022,Limestone,Chhattisgarh,144405882.0,110977875.0,02102022164140MSMP_Mar_21_advance release.pdf,768.5135360344948
2022,Limestone,Gujarat,6432943.0,6962903.0,02102022164140MSMP_Mar_21_advance release.pdf,1082.3822004951699
2022,Limestone,Andhra Pradesh,1262375.0,1672502.0,02102022164140MSMP_Mar_21_advance release.pdf,1324.8852361619963
2022,Limestone,Chhattisgarh,134983729.0,100773037.0,02102022164140MSMP_Mar_21_advance release.pdf,746.5569202048048
2022,Limestone,Gujarat,1196637.0,1439889.0,02102022164140MSMP_Mar_21_advance release.pdf,1203.2796913349662
2022,Limestone,Andhra Pradesh,8766959.0,9268662.0,02102022164140MSMP_Mar_21_advance release.pdf,1057.226570809787
2022,Limestone,Chhattisgarh,9422153.0,10204838.0,02102022164140MSMP_Mar_21_advance release.pdf,1083.0685937704473
2022,Limestone,Gujarat,5236306.0,5523014.0,02102022164140MSMP_Mar_21_advance release.pdf,1054.7538665616562
2022,Limestone,Tamil Nadu,5913155.0,7469066.0,02102022164140MSMP_Mar_21_advance release.pdf,1263.127044699488
2022,Limestone,Chhattisgarh,158409.0,157745.0,02102022164140MSMP_Mar_21_advance release.pdf,995.8083189717756
2022,Limestone,Jharkhand,119296.0,131763.0,02102022164140MSMP_Mar_21_advance release.pdf,1104.5047612660944
2022,Limestone,Madhya Pradesh,132531.0,125726.0,02102022164140MSMP_Mar_21_advance release.pdf,948.6535225720775
2022,Limestone,Maharashtra,47435.0,54746.0,02102022164140MSMP_Mar_21_advance release.pdf,1154.1266996943186
2022,Limestone,Odisha,154150.0,143016.0,02102022164140MSMP_Mar_21_advance release.pdf,927.7716509892962
2022,Limestone,Gujarat,9533.0,10357.0,02102022164140MSMP_Mar_21_advance release.pdf,1086.4365886919122
2022,Limestone,Rajasthan,9056.0,8223.0,02102022164140MSMP_Mar_21_advance release.pdf,908.0167844522969
2022,Limestone,Tamil Nadu,18026.0,23516.0,02102022164140MSMP_Mar_21_advance release.pdf,1304.560079884611
2022,Limestone,Andhra Pradesh,827.0,912.0,02102022164140MSMP_Mar_21_advance release.pdf,1102.7811366384522
2022,Limestone,Gujarat,1138.0,1342.0,02102022164140MSMP_Mar_21_advance release.pdf,1179.261862917399
2022,Limestone,Madhya Pradesh,334.0,345.0,02102022164140MSMP_Mar_21_advance release.pdf,1032.934131736527
2022,Limestone,Rajasthan,2040.0,1883.0,02102022164140MSMP_Mar_21_advance release.pdf,923.0392156862745
2022,Limestone,Tamil Nadu,911.0,1097.0,02102022164140MSMP_Mar_21_advance release.pdf,1204.1712403951701
2022,Limestone,Andhra Pradesh,195.0,244.0,02102022164140MSMP_Mar_21_advance release.pdf,1251.2820512820513
2022,Limestone,Gujarat,4651.0,4707.0,02102022164140MSMP_Mar_21_advance release.pdf,1012.0404214147495
2022,Limestone,Rajasthan,5891.0,6652.0,02102022164140MSMP_Mar_21_advance release.pdf,1129.1801052452895
2022,Limestone,Tamil Nadu,410.0,416.0,02102022164140MSMP_Mar_21_advance release.pdf,1014.6341463414634
2022,Iron Ore,Andhra Pradesh,825.0,613393.0,02102022164140MSMP_Mar_21_advance release.pdf,743.5066666666667
2022,Iron Ore,Chhattisgarh,34728.0,99153323.0,02102022164140MSMP_Mar_21_advance release.pdf,2855.1406070029943
2022,Iron Ore,Jharkhand,25694610.0,25015.0,02102022164140MSMP_Mar_21_advance release.pdf,0.9735504839341792
2022,Iron Ore,Karnataka,85430466.0,31392.0,02102022164140MSMP_Mar_21_advance release.pdf,0.3674567337605299
2022,Iron Ore,Madhya Pradesh,2165967.0,3343.0,02102022164140MSMP_Mar_21_advance release.pdf,1.5434214833374655
2022,Iron Ore,Maharashtra,1680086.0,1131.0,02102022164140MSMP_Mar_21_advance release.pdf,0.6731798253184659
2022,Iron Ore,Odisha,240326857.0,146637.0,02102022164140MSMP_Mar_21_advance release.pdf,0.6101565252858943
2022,Iron Ore,Rajasthan,3982372.0,1012.0,02102022164140MSMP_Mar_21_advance release.pdf,0.25411990642762655
2022,Iron Ore,Andhra Pradesh,508.0,424030.0,02102022164140MSMP_Mar_21_advance release.pdf,834.7047244094488
2022,Iron Ore,Chhattisgarh,12191.0,38230890.0,02102022164140MSMP_Mar_21_advance release.pdf,3135.992945615618
2022,Iron Ore,Jharkhand,6689282.0,6954.0,02102022164140MSMP_Mar_21_advance release.pdf,1.0395734549687097
2022,Iron Ore,Karnataka,32995840.0,9248.0,02102022164140MSMP_Mar_21_advance release.pdf,0.2802777562262394
2022,Iron Ore,Madhya Pradesh,1467.0,687760.0,02102022164140MSMP_Mar_21_advance release.pdf,468.82072256305383
2022,Iron Ore,Odisha,45363.0,121484813.0,02102022164140MSMP_Mar_21_advance release.pdf,2678.059497828627
2022,Iron Ore,Rajasthan,188.0,51060.0,02102022164140MSMP_Mar_21_advance release.pdf,271.59574468085106
2022,Iron Ore,Andhra Pradesh,317.0,189363.0,02102022164140MSMP_Mar_21_advance release.pdf,597.3596214511041
2022,Iron Ore,Chhattisgarh,22537.0,60922433.0,02102022164140MSMP_Mar_21_advance release.pdf,2703.218396414785
2022,Iron Ore,Jharkhand,19005328.0,18061.0,02102022164140MSMP_Mar_21_advance release.pdf,0.9503124597481296
2022,Iron Ore,Karnataka,52434626.0,22144.0,02102022164140MSMP_Mar_21_advance release.pdf,0.42231635255680094
2022,Iron Ore,Madhya Pradesh,1695268.0,1876.0,02102022164140MSMP_Mar_21_advance release.pdf,1.1066096923908195
2022,Iron Ore,Maharashtra,1411902.0,1038.0,02102022164140MSMP_Mar_21_advance release.pdf,0.7351785038904967
2022,Iron Ore,Odisha,143490894.0,100916.0,02102022164140MSMP_Mar_21_advance release.pdf,0.70329201517136
2022,Iron Ore,Odisha,358.0,700828.0,02102022164140MSMP_Mar_21_advance release.pdf,1957.6201117318435
2022,Iron Ore,Rajasthan,824.0,3625890.0,02102022164140MSMP_Mar_21_advance release.pdf,4400.351941747574
2022,Limestone,Andhra Pradesh,42532.0,9267248.0,02102022164140MSMP_Mar_21_advance release.pdf,217888.83664064703
2022,Limestone,Chhattisgarh,42699.0,10200663.0,02102022164140MSMP_Mar_21_advance release.pdf,238896.99992974073
2022,Limestone,Gujarat,22868.0,5204303.0,02102022164140MSMP_Mar_21_advance release.pdf,227580.15567605387
2022,Limestone,Jharkhand,157084.0,785.0,02102022164140MSMP_Mar_21_advance release.pdf,4.997326271294339
2022,Limestone,Karnataka,5965087.0,34165.0,02102022164140MSMP_Mar_21_advance release.pdf,5.727493999668404
2022,Limestone,Madhya Pradesh,11824339.0,47118.0,02102022164140MSMP_Mar_21_advance release.pdf,3.9848316256832623
2022,Limestone,Maharashtra,3341414.0,14614.0,02102022164140MSMP_Mar_21_advance release.pdf,4.373597524880186
2022,Limestone,Odisha,2234688.0,5627.0,02102022164140MSMP_Mar_21_advance release.pdf,2.5180248875905717
2022,Limestone,Rajasthan,18357853.0,72390.0,02102022164140MSMP_Mar_21_advance release.pdf,3.9432715797430125
2022,Limestone,Tamil Nadu,5531065.0,24461.0,02102022164140MSMP_Mar_21_advance release.pdf,4.4224755991838824
2022,Limestone,Karnataka,1017.0,3051.0,02102022164140MSMP_Mar_21_advance release.pdf,3000.0
2022,Limestone,Karnataka,7198.0,48309.0,02102022164140MSMP_Mar_21_advance release.pdf,6711.447624340094
2022,Limestone,Tamil Nadu,51147.0,222293.0,02102022164140MSMP_Mar_21_advance release.pdf,4346.159110016228
2022,Limestone,Gujarat,1646104.0,318711.0,02102022164140MSMP_Mar_21_advance release.pdf,193.61534872644742
2022,Limestone,Tamil Nadu,502750.0,93752.0,02102022164140MSMP_Mar_21_advance release.pdf,186.47836897066136
2022,Limestone,Chhattisgarh,12905.0,3766.0,02102022164140MSMP_Mar_21_advance release.pdf,291.82487407981404
2022,Limestone,Rajasthan,2154.0,4206.0,02102022164140MSMP_Mar_21_advance release.pdf,1952.6462395543176
2022,Limestone,Rajasthan,19367.0,11710.0,02102022164140MSMP_Mar_21_advance release.pdf,604.6367532400475
2022,Limestone,Gujarat,97107.0,0.0,02102022164140MSMP_Mar_21_advance release.pdf,0.0
2022,Limestone,Maharashtra,55659.0,0.0,02102022164140MSMP_Mar_21_advance release.pdf,0.0
2022,Limestone,Odisha,253697.0,0.0,02102022164140MSMP_Mar_21_advance release.pdf,0.0
2022,Limestone,Andhra Pradesh,2190.0,1414.0,02102022164140MSMP_Mar_21_advance release.pdf,645.662100456621
2022,Limestone,Tamil Nadu,584.0,1933.0,02102022164140MSMP_Mar_21_advance release.pdf,3309.931506849315
2022,Limestone,Rajasthan,124757.0,139695.0,02102022164140MSMP_Mar_21_advance release.pdf,1119.7367682775316
2022,Limestone,Chhattisgarh,3886.0,3104.0,02102022164140MSMP_Mar_21_advance release.pdf,798.7647967061246
2022,Limestone,Karnataka,2175.0,2550.0,02102022164140MSMP_Mar_21_advance release.pdf,1172.4137931034484
2022,Limestone,Maharashtra,333.0,216.0,02102022164140MSMP_Mar_21_advance release.pdf,648.6486486486486
2022,Limestone,Odisha,7278.0,6921.0,02102022164140MSMP_Mar_21_advance release.pdf,950.9480626545754
2022,Limestone,Andhra Pradesh,11818506.0,9794472.0,1681803787643e4a0bc1284MSMP_March_2022_FINAL_REV.pdf,828.7402824011766
2022,Limestone,Chhattisgarh,230232152.0,143109353.0,1681803787643e4a0bc1284MSMP_March_2022_FINAL_REV.pdf,621.5871751917604
2022,Limestone,Gujarat,6776292.0,6522950.0,1681803787643e4a0bc1284MSMP_March_2022_FINAL_REV.pdf,962.6134765148845
2022,Limestone,Jharkhand,57898729.0,30444062.0,1681803787643e4a0bc1284MSMP_March_2022_FINAL_REV.pdf,525.8157221378729
2022,Limestone,Karnataka,175715632.0,108321752.0,1681803787643e4a0bc1284MSMP_March_2022_FINAL_REV.pdf,616.4605320942646
2022,Limestone,Madhya Pradesh,32392633.0,26568178.0,1681803787643e4a0bc1284MSMP_March_2022_FINAL_REV.pdf,820.1919862457615
2022,Limestone,Maharashtra,19196909.0,12050858.0,1681803787643e4a0bc1284MSMP_March_2022_FINAL_REV.pdf,627.7499153639786
2022,Limestone,Odisha,585505027.0,300435696.0,1681803787643e4a0bc1284MSMP_March_2022_FINAL_REV.pdf,513.1223168814911
2022,Limestone,Rajasthan,187238619.0,157310470.0,1681803787643e4a0bc1284MSMP_March_2022_FINAL_REV.pdf,840.1603837934737
2022,Limestone,Tamil Nadu,6843868.0,6248937.0,1681803787643e4a0bc1284MSMP_March_2022_FINAL_REV.pdf,913.0709417539906
2022,Limestone,Andhra Pradesh,1372608.0,1108854.0,1681803787643e4a0bc1284MSMP_March_2022_FINAL_REV.pdf,807.8446286193873
2022,Limestone,Chhattisgarh,219217110.0,132963188.0,1681803787643e4a0bc1284MSMP_March_2022_FINAL_REV.pdf,606.5365426996095
2022,Limestone,Gujarat,1683681.0,1198490.0,1681803787643e4a0bc1284MSMP_March_2022_FINAL_REV.pdf,711.8272404333125
2022,Limestone,Jharkhand,57858284.0,30204748.0,1681803787643e4a0bc1284MSMP_March_2022_FINAL_REV.pdf,522.047076266555
2022,Limestone,Karnataka,168044840.0,102180049.0,1681803787643e4a0bc1284MSMP_March_2022_FINAL_REV.pdf,608.0522853305106
2022,Limestone,Madhya Pradesh,17480632.0,13448866.0,1681803787643e4a0bc1284MSMP_March_2022_FINAL_REV.pdf,769.358110164438
2022,Limestone,Maharashtra,15307311.0,8550934.0,1681803787643e4a0bc1284MSMP_March_2022_FINAL_REV.pdf,558.6176435560759
2022,Limestone,Odisha,583030671.0,298270483.0,1681803787643e4a0bc1284MSMP_March_2022_FINAL_REV.pdf,511.58626438710974
2022,Limestone,Rajasthan,157361601.0,133094354.0,1681803787643e4a0bc1284MSMP_March_2022_FINAL_REV.pdf,845.7867303980976
2022,Limestone,Andhra Pradesh,10445898.0,8685618.0,1681803787643e4a0bc1284MSMP_March_2022_FINAL_REV.pdf,831.4860053199831
2022,Limestone,Chhattisgarh,11015042.0,10146165.0,1681803787643e4a0bc1284MSMP_March_2022_FINAL_REV.pdf,921.1190479346334
2022,Limestone,Gujarat,5092611.0,5324460.0,1681803787643e4a0bc1284MSMP_March_2022_FINAL_REV.pdf,1045.526548169495
2022,Limestone,Jharkhand,40445.0,239314.0,1681803787643e4a0bc1284MSMP_March_2022_FINAL_REV.pdf,5917.023117814316
2022,Limestone,Karnataka,7670792.0,6141703.0,1681803787643e4a0bc1284MSMP_March_2022_FINAL_REV.pdf,800.6608704811706
2022,Limestone,Madhya Pradesh,14912001.0,13119312.0,1681803787643e4a0bc1284MSMP_March_2022_FINAL_REV.pdf,879.7821298429366
2022,Limestone,Maharashtra,3889598.0,3499924.0,1681803787643e4a0bc1284MSMP_March_2022_FINAL_REV.pdf,899.8163820528497
2022,Limestone,Odisha,2474356.0,2165213.0,1681803787643e4a0bc1284MSMP_March_2022_FINAL_REV.pdf,875.0612280528752
2022,Limestone,Rajasthan,29877018.0,24216116.0,1681803787643e4a0bc1284MSMP_March_2022_FINAL_REV.pdf,810.5265391613045
2022,Limestone,Chhattisgarh,154120.0,158410.0,1681803787643e4a0bc1284MSMP_March_2022_FINAL_REV.pdf,1027.835452893849
2022,Limestone,Jharkhand,130104.0,119295.0,1681803787643e4a0bc1284MSMP_March_2022_FINAL_REV.pdf,916.9203099059214
2022,Limestone,Odisha,185069.0,154151.0,1681803787643e4a0bc1284MSMP_March_2022_FINAL_REV.pdf,832.9379852919722
2022,Limestone,Gujarat,13330.0,10813.0,1681803787643e4a0bc1284MSMP_March_2022_FINAL_REV.pdf,811.1777944486122
2022,Limestone,Rajasthan,10525.0,9056.0,1681803787643e4a0bc1284MSMP_March_2022_FINAL_REV.pdf,860.4275534441805
2022,Limestone,Tamil Nadu,23635.0,18026.0,1681803787643e4a0bc1284MSMP_March_2022_FINAL_REV.pdf,762.6824624497567
2022,Limestone,Andhra Pradesh,809.0,828.0,1681803787643e4a0bc1284MSMP_March_2022_FINAL_REV.pdf,1023.4857849196538
2022,Limestone,Gujarat,1017.0,1138.0,1681803787643e4a0bc1284MSMP_March_2022_FINAL_REV.pdf,1118.9773844641102
2022,Limestone,Madhya Pradesh,290.0,334.0,1681803787643e4a0bc1284MSMP_March_2022_FINAL_REV.pdf,1151.7241379310344
2022,Limestone,Rajasthan,2619.0,2040.0,1681803787643e4a0bc1284MSMP_March_2022_FINAL_REV.pdf,778.9232531500572
2022,Limestone,Tamil Nadu,1067.0,911.0,1681803787643e4a0bc1284MSMP_March_2022_FINAL_REV.pdf,853.7956888472353
2022,Limestone,Andhra Pradesh,202.0,195.0,1681803787643e4a0bc1284MSMP_March_2022_FINAL_REV.pdf,965.3465346534654
2022,Limestone,Gujarat,4626.0,4651.0,1681803787643e4a0bc1284MSMP_March_2022_FINAL_REV.pdf,1005.4042369217467
2022,Limestone,Rajasthan,5888.0,5891.0,1681803787643e4a0bc1284MSMP_March_2022_FINAL_REV.pdf,1000.5095108695652
2022,Limestone,Tamil Nadu,367.0,410.0,1681803787643e4a0bc1284MSMP_March_2022_FINAL_REV.pdf,1117.16621253406
2022,Iron Ore,Andhra Pradesh,349.0,260233.0,1681803787643e4a0bc1284MSMP_March_2022_FINAL_REV.pdf,745.6532951289398
2022,Iron Ore,Chhattisgarh,36839.0,132201316.0,1681803787643e4a0bc1284MSMP_March_2022_FINAL_REV.pdf,3588.623904014767
2022,Iron Ore,Jharkhand,21434.0,28520399.0,1681803787643e4a0bc1284MSMP_March_2022_FINAL_REV.pdf,1330.614864234394
2022,Iron Ore,Karnataka,34500.0,94390860.0,1681803787643e4a0bc1284MSMP_March_2022_FINAL_REV.pdf,2735.966956521739
2022,Iron Ore,Madhya Pradesh,4094.0,2146870.0,1681803787643e4a0bc1284MSMP_March_2022_FINAL_REV.pdf,524.3942354665363
2022,Iron Ore,Maharashtra,1249.0,1732866.0,1681803787643e4a0bc1284MSMP_March_2022_FINAL_REV.pdf,1387.4027221777424
2022,Iron Ore,Odisha,104485.0,262035370.0,1681803787643e4a0bc1284MSMP_March_2022_FINAL_REV.pdf,2507.875484519309
2022,Iron Ore,Rajasthan,1088.0,5106818.0,1681803787643e4a0bc1284MSMP_March_2022_FINAL_REV.pdf,4693.766544117647
2022,Iron Ore,Andhra Pradesh,213.0,181601.0,1681803787643e4a0bc1284MSMP_March_2022_FINAL_REV.pdf,852.586854460094
2022,Iron Ore,Chhattisgarh,12710.0,52033594.0,1681803787643e4a0bc1284MSMP_March_2022_FINAL_REV.pdf,4093.909834775767
2022,Iron Ore,Jharkhand,4827.0,7279890.0,1681803787643e4a0bc1284MSMP_March_2022_FINAL_REV.pdf,1508.1603480422623
2022,Iron Ore,Karnataka,10108.0,36892352.0,1681803787643e4a0bc1284MSMP_March_2022_FINAL_REV.pdf,3649.8171745152354
2022,Iron Ore,Madhya Pradesh,859.0,463231.0,1681803787643e4a0bc1284MSMP_March_2022_FINAL_REV.pdf,539.267753201397
2022,Iron Ore,Maharashtra,113.0,253928.0,1681803787643e4a0bc1284MSMP_March_2022_FINAL_REV.pdf,2247.1504424778764
2022,Iron Ore,Odisha,32699.0,101296238.0,1681803787643e4a0bc1284MSMP_March_2022_FINAL_REV.pdf,3097.8390164836846
2022,Iron Ore,Andhra Pradesh,136.0,78632.0,1681803787643e4a0bc1284MSMP_March_2022_FINAL_REV.pdf,578.1764705882352
2022,Iron Ore,Chhattisgarh,24129.0,80167722.0,1681803787643e4a0bc1284MSMP_March_2022_FINAL_REV.pdf,3322.4635086410544
2022,Iron Ore,Jharkhand,16607.0,21240509.0,1681803787643e4a0bc1284MSMP_March_2022_FINAL_REV.pdf,1279.0093936291926
2022,Iron Ore,Karnataka,24392.0,57498508.0,1681803787643e4a0bc1284MSMP_March_2022_FINAL_REV.pdf,2357.2691046244668
2022,Iron Ore,Madhya Pradesh,3235.0,1683140.0,1681803787643e4a0bc1284MSMP_March_2022_FINAL_REV.pdf,520.29057187017
2022,Iron Ore,Maharashtra,1136.0,1478938.0,1681803787643e4a0bc1284MSMP_March_2022_FINAL_REV.pdf,1301.8820422535211
2022,Iron Ore,Odisha,71626.0,160300893.0,1681803787643e4a0bc1284MSMP_March_2022_FINAL_REV.pdf,2238.026596487309
2022,Iron Ore,Odisha,160.0,438239.0,1681803787643e4a0bc1284MSMP_March_2022_FINAL_REV.pdf,2738.99375
2022,Iron Ore,Rajasthan,1030.0,5076666.0,1681803787643e4a0bc1284MSMP_March_2022_FINAL_REV.pdf,4928.801941747573
2022,Limestone,Andhra Pradesh,41148.0,8685149.0,1681803787643e4a0bc1284MSMP_March_2022_FINAL_REV.pdf,211070.98765432098
2022,Limestone,Chhattisgarh,40378.0,10139974.0,1681803787643e4a0bc1284MSMP_March_2022_FINAL_REV.pdf,251126.20734063102
2022,Limestone,Gujarat,22227.0,5080904.0,1681803787643e4a0bc1284MSMP_March_2022_FINAL_REV.pdf,228591.5328204436
2022,Limestone,Jharkhand,324.0,233245.0,1681803787643e4a0bc1284MSMP_March_2022_FINAL_REV.pdf,719891.975308642
2022,Limestone,Karnataka,33188.0,6095069.0,1681803787643e4a0bc1284MSMP_March_2022_FINAL_REV.pdf,183652.79619139447
2022,Limestone,Madhya Pradesh,46099.0,12879609.0,1681803787643e4a0bc1284MSMP_March_2022_FINAL_REV.pdf,279390.2036920541
2022,Limestone,Maharashtra,13943.0,3476065.0,1681803787643e4a0bc1284MSMP_March_2022_FINAL_REV.pdf,249305.38621530516
2022,Limestone,Odisha,7186.0,2118507.0,1681803787643e4a0bc1284MSMP_March_2022_FINAL_REV.pdf,294810.3256331756
2022,Limestone,Rajasthan,74266.0,19449722.0,1681803787643e4a0bc1284MSMP_March_2022_FINAL_REV.pdf,261892.6830581962
2022,Limestone,Tamil Nadu,21144.0,5813723.0,1681803787643e4a0bc1284MSMP_March_2022_FINAL_REV.pdf,274958.5225122966
2022,Limestone,Karnataka,6611.0,39237.0,1681803787643e4a0bc1284MSMP_March_2022_FINAL_REV.pdf,5935.108153078203
2022,Limestone,Tamil Nadu,43613.0,227494.0,1681803787643e4a0bc1284MSMP_March_2022_FINAL_REV.pdf,5216.197005480018
2022,Limestone,Gujarat,1300333.0,243556.0,1681803787643e4a0bc1284MSMP_March_2022_FINAL_REV.pdf,187.30279090048472
2022,Limestone,Tamil Nadu,916081.0,173628.0,1681803787643e4a0bc1284MSMP_March_2022_FINAL_REV.pdf,189.53345828589394
2022,Limestone,Chhattisgarh,14363.0,4150.0,1681803787643e4a0bc1284MSMP_March_2022_FINAL_REV.pdf,288.93685163266724
2022,Limestone,Rajasthan,402.0,602.0,1681803787643e4a0bc1284MSMP_March_2022_FINAL_REV.pdf,1497.5124378109454
2022,Limestone,Rajasthan,23823.0,14686.0,1681803787643e4a0bc1284MSMP_March_2022_FINAL_REV.pdf,616.4630818956471
2022,Limestone,Gujarat,82450.0,0.0,1681803787643e4a0bc1284MSMP_March_2022_FINAL_REV.pdf,0.0
2022,Limestone,Maharashtra,41375.0,0.0,1681803787643e4a0bc1284MSMP_March_2022_FINAL_REV.pdf,0.0
2022,Limestone,Odisha,209387.0,0.0,1681803787643e4a0bc1284MSMP_March_2022_FINAL_REV.pdf,0.0
2022,Limestone,Andhra Pradesh,750.0,469.0,1681803787643e4a0bc1284MSMP_March_2022_FINAL_REV.pdf,625.3333333333334
2022,Limestone,Tamil Nadu,510.0,1688.0,1681803787643e4a0bc1284MSMP_March_2022_FINAL_REV.pdf,3309.8039215686276
2022,Limestone,Rajasthan,103902.0,122210.0,1681803787643e4a0bc1284MSMP_March_2022_FINAL_REV.pdf,1176.2045003946025
2022,Limestone,Chhattisgarh,3566.0,3193.0,1681803787643e4a0bc1284MSMP_March_2022_FINAL_REV.pdf,895.4010095344925
2022,Limestone,Karnataka,2901.0,3090.0,1681803787643e4a0bc1284MSMP_March_2022_FINAL_REV.pdf,1065.1499482936918
2022,Limestone,Maharashtra,411.0,213.0,1681803787643e4a0bc1284MSMP_March_2022_FINAL_REV.pdf,518.2481751824818
2022,Limestone,Odisha,9748.0,7797.0,1681803787643e4a0bc1284MSMP_March_2022_FINAL_REV.pdf,799.8563807960608
2023,Limestone,Chhattisgarh,3980.0,3216.0,171385118666274b327d277MSMP_MAR_2023.pdf,808.0402010050251
2023,Limestone,Karnataka,3117.0,3119.0,171385118666274b327d277MSMP_MAR_2023.pdf,1000.641642605069
2023,Limestone,Maharashtra,770.0,138.0,171385118666274b327d277MSMP_MAR_2023.pdf,179.2207792207792
2023,Limestone,Odisha,10360.0,9394.0,171385118666274b327d277MSMP_MAR_2023.pdf,906.7567567567568
2024,Limestone,Andhra Pradesh,14829928.0,13499966.0,172484840966cf1919503a4MSMP_Mar__2024.pdf,910.319052122168
2024,Limestone,Chhattisgarh,202471463.0,185112081.0,172484840966cf1919503a4MSMP_Mar__2024.pdf,914.2625743757281
2024,Limestone,Gujarat,7608609.0,7146276.0,172484840966cf1919503a4MSMP_Mar__2024.pdf,939.235542265347
2024,Limestone,Jharkhand,58219591.0,51602914.0,172484840966cf1919503a4MSMP_Mar__2024.pdf,886.3496481794247
2024,Limestone,Karnataka,158610491.0,133574899.0,172484840966cf1919503a4MSMP_Mar__2024.pdf,842.1567713323578
2024,Limestone,Madhya Pradesh,38539729.0,33484024.0,172484840966cf1919503a4MSMP_Mar__2024.pdf,868.8183562473935
2024,Limestone,Maharashtra,55038428.0,33596928.0,172484840966cf1919503a4MSMP_Mar__2024.pdf,610.4267367520017
2024,Limestone,Odisha,627371011.0,541434632.0,172484840966cf1919503a4MSMP_Mar__2024.pdf,863.0214378840657
2024,Limestone,Rajasthan,216597143.0,209030877.0,172484840966cf1919503a4MSMP_Mar__2024.pdf,965.0675632411273
2024,Limestone,Tamil Nadu,8819511.0,8203880.0,172484840966cf1919503a4MSMP_Mar__2024.pdf,930.1966968463445
2024,Limestone,Andhra Pradesh,1861499.0,1483870.0,172484840966cf1919503a4MSMP_Mar__2024.pdf,797.1371459237959
2024,Limestone,Chhattisgarh,188441449.0,172114780.0,172484840966cf1919503a4MSMP_Mar__2024.pdf,913.3594594679645
2024,Limestone,Gujarat,1648656.0,1470136.0,172484840966cf1919503a4MSMP_Mar__2024.pdf,891.7178598810183
2024,Limestone,Jharkhand,58198671.0,51587516.0,172484840966cf1919503a4MSMP_Mar__2024.pdf,886.4036774997835
2024,Limestone,Karnataka,150808032.0,125378560.0,172484840966cf1919503a4MSMP_Mar__2024.pdf,831.3785302894212
2024,Limestone,Madhya Pradesh,19205878.0,15661477.0,172484840966cf1919503a4MSMP_Mar__2024.pdf,815.4522797656009
2024,Limestone,Maharashtra,50458512.0,29586997.0,172484840966cf1919503a4MSMP_Mar__2024.pdf,586.3628519208017
2024,Limestone,Odisha,624282655.0,538797947.0,172484840966cf1919503a4MSMP_Mar__2024.pdf,863.06730242249
2024,Limestone,Rajasthan,177879795.0,170821231.0,172484840966cf1919503a4MSMP_Mar__2024.pdf,960.3183486915982
2024,Limestone,Andhra Pradesh,12968429.0,12016096.0,172484840966cf1919503a4MSMP_Mar__2024.pdf,926.5652763337795
2024,Limestone,Chhattisgarh,14030014.0,12997301.0,172484840966cf1919503a4MSMP_Mar__2024.pdf,926.3925894870811
2024,Limestone,Gujarat,5959953.0,5676140.0,172484840966cf1919503a4MSMP_Mar__2024.pdf,952.3799936006207
2024,Limestone,Jharkhand,20920.0,15398.0,172484840966cf1919503a4MSMP_Mar__2024.pdf,736.0420650095602
2024,Limestone,Karnataka,7802459.0,8196339.0,172484840966cf1919503a4MSMP_Mar__2024.pdf,1050.4815212742546
2024,Limestone,Madhya Pradesh,19333851.0,17822547.0,172484840966cf1919503a4MSMP_Mar__2024.pdf,921.8311964853768
2024,Limestone,Maharashtra,4579916.0,4009931.0,172484840966cf1919503a4MSMP_Mar__2024.pdf,875.5468440905903
2024,Limestone,Odisha,3088356.0,2636685.0,172484840966cf1919503a4MSMP_Mar__2024.pdf,853.7503448436644
2024,Limestone,Rajasthan,38717348.0,38209646.0,172484840966cf1919503a4MSMP_Mar__2024.pdf,986.8869634356155
2024,Limestone,Chhattisgarh,206772.0,184895.0,172484840966cf1919503a4MSMP_Mar__2024.pdf,894.1974735457412
2024,Limestone,Jharkhand,191163.0,156483.0,172484840966cf1919503a4MSMP_Mar__2024.pdf,818.5841402363428
2024,Limestone,Madhya Pradesh,164731.0,146029.0,172484840966cf1919503a4MSMP_Mar__2024.pdf,886.4694562650625
2024,Limestone,Maharashtra,69258.0,63620.0,172484840966cf1919503a4MSMP_Mar__2024.pdf,918.5942418204395
2024,Limestone,Odisha,233816.0,218981.0,172484840966cf1919503a4MSMP_Mar__2024.pdf,936.5526738974236
2024,Limestone,Gujarat,11315.0,12313.0,172484840966cf1919503a4MSMP_Mar__2024.pdf,1088.2015024304021
2024,Limestone,Rajasthan,7914.0,10197.0,172484840966cf1919503a4MSMP_Mar__2024.pdf,1288.4761182714178
2024,Limestone,Tamil Nadu,23612.0,21519.0,172484840966cf1919503a4MSMP_Mar__2024.pdf,911.3586312044723
2024,Limestone,Andhra Pradesh,722.0,710.0,172484840966cf1919503a4MSMP_Mar__2024.pdf,983.3795013850415
2024,Limestone,Gujarat,926.0,923.0,172484840966cf1919503a4MSMP_Mar__2024.pdf,996.7602591792656
2024,Limestone,Madhya Pradesh,234.0,264.0,172484840966cf1919503a4MSMP_Mar__2024.pdf,1128.2051282051282
2024,Limestone,Rajasthan,2199.0,2340.0,172484840966cf1919503a4MSMP_Mar__2024.pdf,1064.1200545702593
2024,Limestone,Tamil Nadu,1016.0,1109.0,172484840966cf1919503a4MSMP_Mar__2024.pdf,1091.5354330708662
2024,Limestone,Andhra Pradesh,250.0,236.0,172484840966cf1919503a4MSMP_Mar__2024.pdf,944.0
2024,Limestone,Gujarat,4951.0,4850.0,172484840966cf1919503a4MSMP_Mar__2024.pdf,979.6000807917593
2024,Limestone,Rajasthan,4421.0,5074.0,172484840966cf1919503a4MSMP_Mar__2024.pdf,1147.704139334992
2024,Limestone,Tamil Nadu,294.0,324.0,172484840966cf1919503a4MSMP_Mar__2024.pdf,1102.0408163265306
2024,Iron Ore,Andhra Pradesh,137.0,96468.0,172484840966cf1919503a4MSMP_Mar__2024.pdf,704.1459854014598
2024,Iron Ore,Chhattisgarh,42488.0,170847431.0,172484840966cf1919503a4MSMP_Mar__2024.pdf,4021.0749152701937
2024,Iron Ore,Jharkhand,23091.0,48359178.0,172484840966cf1919503a4MSMP_Mar__2024.pdf,2094.286865012343
2024,Iron Ore,Karnataka,39822.0,115242083.0,172484840966cf1919503a4MSMP_Mar__2024.pdf,2893.930063783838
2024,Iron Ore,Madhya Pradesh,4365.0,2475699.0,172484840966cf1919503a4MSMP_Mar__2024.pdf,567.1704467353952
2024,Iron Ore,Maharashtra,6109.0,20708375.0,172484840966cf1919503a4MSMP_Mar__2024.pdf,3389.81420854477
2024,Iron Ore,Odisha,141032.0,468696670.0,172484840966cf1919503a4MSMP_Mar__2024.pdf,3323.3356259572297
2024,Iron Ore,Rajasthan,1321.0,6270497.0,172484840966cf1919503a4MSMP_Mar__2024.pdf,4746.780469341408
2024,Iron Ore,Odisha,397.0,1192183.0,172484840966cf1919503a4MSMP_Mar__2024.pdf,3002.9798488664987
2024,Iron Ore,Rajasthan,1311.0,6248565.0,172484840966cf1919503a4MSMP_Mar__2024.pdf,4766.258581235697
2024,Iron Ore,Chhattisgarh,2966.0,19327392.0,172484840966cf1919503a4MSMP_Mar__2024.pdf,6516.3155765340525
2024,Iron Ore,Jharkhand,2293.0,4031609.0,172484840966cf1919503a4MSMP_Mar__2024.pdf,1758.2245965983427
2024,Iron Ore,Odisha,37522.0,166673951.0,172484840966cf1919503a4MSMP_Mar__2024.pdf,4442.032700815521
2024,Iron Ore,Chhattisgarh,27250.0,99818655.0,172484840966cf1919503a4MSMP_Mar__2024.pdf,3663.069908256881
2024,Iron Ore,Jharkhand,17342.0,35830534.0,172484840966cf1919503a4MSMP_Mar__2024.pdf,2066.1131357398226
2024,Iron Ore,Karnataka,28510.0,75187254.0,172484840966cf1919503a4MSMP_Mar__2024.pdf,2637.2239214310766
2024,Iron Ore,Madhya Pradesh,3555.0,1996022.0,172484840966cf1919503a4MSMP_Mar__2024.pdf,561.4689170182841
2024,Iron Ore,Maharashtra,4027.0,9363327.0,172484840966cf1919503a4MSMP_Mar__2024.pdf,2325.137074745468
2024,Iron Ore,Odisha,101444.0,293791892.0,172484840966cf1919503a4MSMP_Mar__2024.pdf,2896.0992468751233
2024,Iron Ore,Chhattisgarh,12272.0,51701384.0,172484840966cf1919503a4MSMP_Mar__2024.pdf,4212.955019556714
2024,Iron Ore,Jharkhand,3456.0,8497035.0,172484840966cf1919503a4MSMP_Mar__2024.pdf,2458.6328125
2024,Iron Ore,Karnataka,11312.0,40054829.0,172484840966cf1919503a4MSMP_Mar__2024.pdf,3540.914869165488
2024,Iron Ore,Madhya Pradesh,810.0,479677.0,172484840966cf1919503a4MSMP_Mar__2024.pdf,592.1938271604938
2024,Iron Ore,Maharashtra,2082.0,11345048.0,172484840966cf1919503a4MSMP_Mar__2024.pdf,5449.110470701248
2024,Iron Ore,Odisha,1669.0,7038644.0,172484840966cf1919503a4MSMP_Mar__2024.pdf,4217.282204913122
2024,Limestone,Andhra Pradesh,52869.0,12014486.0,172484840966cf1919503a4MSMP_Mar__2024.pdf,227250.1087593864
2024,Limestone,Chhattisgarh,44777.0,12991979.0,172484840966cf1919503a4MSMP_Mar__2024.pdf,290148.4914130022
2024,Limestone,Gujarat,22831.0,5491521.0,172484840966cf1919503a4MSMP_Mar__2024.pdf,240529.14896412773
2024,Limestone,Karnataka,38942.0,8129116.0,172484840966cf1919503a4MSMP_Mar__2024.pdf,208749.31950079606
2024,Limestone,Madhya Pradesh,50597.0,17277819.0,172484840966cf1919503a4MSMP_Mar__2024.pdf,341479.1193153744
2024,Limestone,Maharashtra,16656.0,3999480.0,172484840966cf1919503a4MSMP_Mar__2024.pdf,240122.47838616715
2024,Limestone,Odisha,6551.0,2533383.0,172484840966cf1919503a4MSMP_Mar__2024.pdf,386716.9897725538
2024,Limestone,Rajasthan,93964.0,26132454.0,172484840966cf1919503a4MSMP_Mar__2024.pdf,278111.3405133881
2024,Limestone,Tamil Nadu,24434.0,7642107.0,172484840966cf1919503a4MSMP_Mar__2024.pdf,312765.28607677825
2024,Limestone,Karnataka,8195.0,65923.0,172484840966cf1919503a4MSMP_Mar__2024.pdf,8044.295302013423
2024,Limestone,Tamil Nadu,62123.0,363065.0,172484840966cf1919503a4MSMP_Mar__2024.pdf,5844.292774012845
2024,Limestone,Gujarat,875308.0,184289.0,172484840966cf1919503a4MSMP_Mar__2024.pdf,210.54188925498224
2024,Limestone,Tamil Nadu,586360.0,132473.0,172484840966cf1919503a4MSMP_Mar__2024.pdf,225.92434681765468
2024,Limestone,Chhattisgarh,17260.0,5322.0,172484840966cf1919503a4MSMP_Mar__2024.pdf,308.34298957126305
2024,Limestone,Madhya Pradesh,444985.0,483255.0,172484840966cf1919503a4MSMP_Mar__2024.pdf,1086.0028989741227
2024,Limestone,Rajasthan,1533465.0,11871363.0,172484840966cf1919503a4MSMP_Mar__2024.pdf,7741.528499183222
2024,Limestone,Rajasthan,327.0,442.0,172484840966cf1919503a4MSMP_Mar__2024.pdf,1351.6819571865444
2024,Limestone,Rajasthan,32070.0,17360.0,172484840966cf1919503a4MSMP_Mar__2024.pdf,541.3158715310259
2024,Limestone,Maharashtra,1437.0,3757.0,172484840966cf1919503a4MSMP_Mar__2024.pdf,2614.474599860821
2024,Limestone,Gujarat,146401.0,0.0,172484840966cf1919503a4MSMP_Mar__2024.pdf,0.0
2024,Limestone,Maharashtra,46283.0,0.0,172484840966cf1919503a4MSMP_Mar__2024.pdf,0.0
2024,Limestone,Odisha,228518.0,0.0,172484840966cf1919503a4MSMP_Mar__2024.pdf,0.0
2024,Limestone,Andhra Pradesh,2303.0,1610.0,172484840966cf1919503a4MSMP_Mar__2024.pdf,699.0881458966566
2024,Limestone,Rajasthan,110793.0,151761.0,172484840966cf1919503a4MSMP_Mar__2024.pdf,1369.7706533806288
2024,Limestone,Chhattisgarh,4029.0,3174.0,172484840966cf1919503a4MSMP_Mar__2024.pdf,787.7885331347729
2024,Limestone,Karnataka,2405.0,2641.0,172484840966cf1919503a4MSMP_Mar__2024.pdf,1098.128898128898
2024,Limestone,Madhya Pradesh,126.0,621.0,172484840966cf1919503a4MSMP_Mar__2024.pdf,4928.571428571428
2024,Limestone,Maharashtra,164.0,850.0,172484840966cf1919503a4MSMP_Mar__2024.pdf,5182.926829268293
2024,Limestone,Odisha,8784.0,8710.0,172484840966cf1919503a4MSMP_Mar__2024.pdf,991.5755919854281
2025,Limestone,Andhra Pradesh,212.0,173.0,1748864652683d8e8cdc8f1MSMP_MARCH25FINAL.pdf,816.0377358490566
2025,Limestone,Rajasthan,106.0,66.0,1748864652683d8e8cdc8f1MSMP_MARCH25FINAL.pdf,622.6415094339623
2025,Limestone,Chhattisgarh,8248.0,12.3,1748864652683d8e8cdc8f1MSMP_MARCH25FINAL.pdf,1.491270611057226
2025,Limestone,Andhra Pradesh,15260189.0,15523930.0,1748864652683d8e8cdc8f1MSMP_MARCH25FINAL.pdf,1017.2829445297172
2025,Limestone,Chhattisgarh,207240531.0,201812546.0,1748864652683d8e8cdc8f1MSMP_MARCH25FINAL.pdf,973.8082846352097
2025,Limestone,Gujarat,8541312.0,7528881.0,1748864652683d8e8cdc8f1MSMP_MARCH25FINAL.pdf,881.4665709436676
2025,Limestone,Jharkhand,51050095.0,58098891.0,1748864652683d8e8cdc8f1MSMP_MARCH25FINAL.pdf,1138.076060387351
2025,Limestone,Karnataka,182481644.0,162607153.0,1748864652683d8e8cdc8f1MSMP_MARCH25FINAL.pdf,891.087724965915
2025,Limestone,Madhya Pradesh,40617330.0,38976761.0,1748864652683d8e8cdc8f1MSMP_MARCH25FINAL.pdf,959.609137282042
2025,Limestone,Maharashtra,63951006.0,55338091.0,1748864652683d8e8cdc8f1MSMP_MARCH25FINAL.pdf,865.3201014539161
2025,Limestone,Odisha,647851901.0,650621350.0,1748864652683d8e8cdc8f1MSMP_MARCH25FINAL.pdf,1004.2748180498123
2025,Limestone,Rajasthan,238688737.0,219409835.0,1748864652683d8e8cdc8f1MSMP_MARCH25FINAL.pdf,919.2299467402185
2025,Limestone,Tamil Nadu,8253106.0,9294704.0,1748864652683d8e8cdc8f1MSMP_MARCH25FINAL.pdf,1126.2067880868124
2025,Limestone,Andhra Pradesh,2807591.0,2059271.0,1748864652683d8e8cdc8f1MSMP_MARCH25FINAL.pdf,733.4654513424498
2025,Limestone,Chhattisgarh,194183752.0,187616891.4,1748864652683d8e8cdc8f1MSMP_MARCH25FINAL.pdf,966.1822344435903
2025,Limestone,Gujarat,2360888.0,1691510.0,1748864652683d8e8cdc8f1MSMP_MARCH25FINAL.pdf,716.4719376776874
2025,Limestone,Jharkhand,51048692.0,58077869.0,1748864652683d8e8cdc8f1MSMP_MARCH25FINAL.pdf,1137.6955358621137
2025,Limestone,Karnataka,174390641.0,154225078.0,1748864652683d8e8cdc8f1MSMP_MARCH25FINAL.pdf,884.3655663838061
2025,Limestone,Madhya Pradesh,20768952.0,19021384.0,1748864652683d8e8cdc8f1MSMP_MARCH25FINAL.pdf,915.8567076470686
2025,Limestone,Maharashtra,58979414.0,50280136.0,1748864652683d8e8cdc8f1MSMP_MARCH25FINAL.pdf,852.5031462672722
2025,Limestone,Odisha,644288110.0,646975424.0,1748864652683d8e8cdc8f1MSMP_MARCH25FINAL.pdf,1004.1709818298525
2025,Limestone,Rajasthan,198435695.0,177988811.0,1748864652683d8e8cdc8f1MSMP_MARCH25FINAL.pdf,896.9596473053903
2025,Limestone,Andhra Pradesh,12452598.0,13464659.0,1748864652683d8e8cdc8f1MSMP_MARCH25FINAL.pdf,1081.273080525044
2025,Limestone,Chhattisgarh,13056779.0,14195655.0,1748864652683d8e8cdc8f1MSMP_MARCH25FINAL.pdf,1087.2248814198356
2025,Limestone,Gujarat,6180424.0,5837371.0,1748864652683d8e8cdc8f1MSMP_MARCH25FINAL.pdf,944.4936140303643
2025,Limestone,Jharkhand,1403.0,21022.0,1748864652683d8e8cdc8f1MSMP_MARCH25FINAL.pdf,14983.606557377048
2025,Limestone,Karnataka,8091003.0,8382075.0,1748864652683d8e8cdc8f1MSMP_MARCH25FINAL.pdf,1035.9747734613372
2025,Limestone,Madhya Pradesh,19848378.0,19955377.0,1748864652683d8e8cdc8f1MSMP_MARCH25FINAL.pdf,1005.3908183328633
2025,Limestone,Maharashtra,4971592.0,5057955.0,1748864652683d8e8cdc8f1MSMP_MARCH25FINAL.pdf,1017.3712967596697
2025,Limestone,Odisha,3563791.0,3645926.0,1748864652683d8e8cdc8f1MSMP_MARCH25FINAL.pdf,1023.047086655755
2025,Limestone,Rajasthan,40253042.0,41421024.0,1748864652683d8e8cdc8f1MSMP_MARCH25FINAL.pdf,1029.0159933751095
2025,Limestone,Chhattisgarh,204919.0,207255.0,1748864652683d8e8cdc8f1MSMP_MARCH25FINAL.pdf,1011.3996261937643
2025,Limestone,Jharkhand,206190.0,191158.0,1748864652683d8e8cdc8f1MSMP_MARCH25FINAL.pdf,927.0963674281003
2025,Limestone,Madhya Pradesh,167573.0,159228.0,1748864652683d8e8cdc8f1MSMP_MARCH25FINAL.pdf,950.2008080060631
2025,Limestone,Maharashtra,70723.0,69282.0,1748864652683d8e8cdc8f1MSMP_MARCH25FINAL.pdf,979.6247331136971
2025,Limestone,Odisha,269688.0,239402.0,1748864652683d8e8cdc8f1MSMP_MARCH25FINAL.pdf,887.6998605796327
2025,Limestone,Gujarat,13304.0,11326.0,1748864652683d8e8cdc8f1MSMP_MARCH25FINAL.pdf,851.3229104028864
2025,Limestone,Rajasthan,7834.0,10015.0,1748864652683d8e8cdc8f1MSMP_MARCH25FINAL.pdf,1278.4018381414348
2025,Limestone,Tamil Nadu,24156.0,21580.0,1748864652683d8e8cdc8f1MSMP_MARCH25FINAL.pdf,893.3598277860573
2025,Limestone,Andhra Pradesh,717.14,688.0,1748864652683d8e8cdc8f1MSMP_MARCH25FINAL.pdf,959.3663719775776
2025,Limestone,Gujarat,1024.95,897.0,1748864652683d8e8cdc8f1MSMP_MARCH25FINAL.pdf,875.1646421776671
2025,Limestone,Madhya Pradesh,291.71,234.0,1748864652683d8e8cdc8f1MSMP_MARCH25FINAL.pdf,802.1665352576189
2025,Limestone,Rajasthan,1748.69,2154.0,1748864652683d8e8cdc8f1MSMP_MARCH25FINAL.pdf,1231.7792175857355
2025,Limestone,Tamil Nadu,1002.77,981.0,1748864652683d8e8cdc8f1MSMP_MARCH25FINAL.pdf,978.290136322387
2025,Limestone,Andhra Pradesh,283.809,250.0,1748864652683d8e8cdc8f1MSMP_MARCH25FINAL.pdf,880.8741089958387
2025,Limestone,Gujarat,5135.413,4950.0,1748864652683d8e8cdc8f1MSMP_MARCH25FINAL.pdf,963.8952115438428
2025,Limestone,Rajasthan,3428.55,4421.0,1748864652683d8e8cdc8f1MSMP_MARCH25FINAL.pdf,1289.4663924982863
2025,Limestone,Tamil Nadu,263.148,294.0,1748864652683d8e8cdc8f1MSMP_MARCH25FINAL.pdf,1117.242008299512
2025,Iron Ore,Andhra Pradesh,125.0,93272.0,1748864652683d8e8cdc8f1MSMP_MARCH25FINAL.pdf,746.176
2025,Iron Ore,Chhattisgarh,46042.515,186363948.0,1748864652683d8e8cdc8f1MSMP_MARCH25FINAL.pdf,4047.649178156319
2025,Iron Ore,Jharkhand,22897.0,54829400.0,1748864652683d8e8cdc8f1MSMP_MARCH25FINAL.pdf,2394.610647683103
2025,Iron Ore,Karnataka,40995.0,141753770.0,1748864652683d8e8cdc8f1MSMP_MARCH25FINAL.pdf,3457.8307110623246
2025,Iron Ore,Madhya Pradesh,6047.0,3799034.0,1748864652683d8e8cdc8f1MSMP_MARCH25FINAL.pdf,628.2510335703655
2025,Iron Ore,Maharashtra,10727.0,40509725.0,1748864652683d8e8cdc8f1MSMP_MARCH25FINAL.pdf,3776.4263074484943
2025,Iron Ore,Odisha,148959.0,576616741.0,1748864652683d8e8cdc8f1MSMP_MARCH25FINAL.pdf,3870.976181365342
2025,Iron Ore,Odisha,1122.0,558.0,1748864652683d8e8cdc8f1MSMP_MARCH25FINAL.pdf,497.32620320855614
2025,Iron Ore,Chhattisgarh,5890.91209,38754921.0,1748864652683d8e8cdc8f1MSMP_MARCH25FINAL.pdf,6578.764104422411
2025,Iron Ore,Odisha,38510.9064,171670453.0,1748864652683d8e8cdc8f1MSMP_MARCH25FINAL.pdf,4457.710011208669
2025,Iron Ore,Chhattisgarh,30478.4536,113731096.0,1748864652683d8e8cdc8f1MSMP_MARCH25FINAL.pdf,3731.5244891558405
2025,Iron Ore,Jharkhand,17904.0738,42065098.0,1748864652683d8e8cdc8f1MSMP_MARCH25FINAL.pdf,2349.4707668150922
2025,Iron Ore,Karnataka,29242.0507,99289831.0,1748864652683d8e8cdc8f1MSMP_MARCH25FINAL.pdf,3395.4469205540363
2025,Iron Ore,Madhya Pradesh,5498.77826,3381853.0,1748864652683d8e8cdc8f1MSMP_MARCH25FINAL.pdf,615.0189805980647
2025,Iron Ore,Maharashtra,9034.69947,31173629.0,1748864652683d8e8cdc8f1MSMP_MARCH25FINAL.pdf,3450.433421002326
2025,Iron Ore,Odisha,110094.508,403789738.0,1748864652683d8e8cdc8f1MSMP_MARCH25FINAL.pdf,3667.6646758801085
2025,Iron Ore,Chhattisgarh,9673.14932,33877931.0,1748864652683d8e8cdc8f1MSMP_MARCH25FINAL.pdf,3502.264865275542
2025,Iron Ore,Karnataka,11753.4273,42463939.0,1748864652683d8e8cdc8f1MSMP_MARCH25FINAL.pdf,3612.898426657219
2025,Iron Ore,Maharashtra,1692.5736,9336096.0,1748864652683d8e8cdc8f1MSMP_MARCH25FINAL.pdf,5515.917298958226
2025,Limestone,Andhra Pradesh,60724.8536,13463935.0,1748864652683d8e8cdc8f1MSMP_MARCH25FINAL.pdf,221720.33692642776
2025,Limestone,Chhattisgarh,49278.5347,14188729.0,1748864652683d8e8cdc8f1MSMP_MARCH25FINAL.pdf,287929.1985116595
2025,Limestone,Gujarat,23311.7182,5617138.0,1748864652683d8e8cdc8f1MSMP_MARCH25FINAL.pdf,240957.69997768762
2025,Limestone,Karnataka,40831.6262,8333519.0,1748864652683d8e8cdc8f1MSMP_MARCH25FINAL.pdf,204094.71225028016
2025,Limestone,Madhya Pradesh,62308.3515,19612594.0,1748864652683d8e8cdc8f1MSMP_MARCH25FINAL.pdf,314766.69704541937
2025,Limestone,Maharashtra,19330.6407,5043436.0,1748864652683d8e8cdc8f1MSMP_MARCH25FINAL.pdf,260903.71645053648
2025,Limestone,Odisha,7923.0,3500525.0,1748864652683d8e8cdc8f1MSMP_MARCH25FINAL.pdf,441818.1244478102
2025,Limestone,Rajasthan,103113.439,30012790.0,1748864652683d8e8cdc8f1MSMP_MARCH25FINAL.pdf,291065.745562031
2025,Limestone,Tamil Nadu,26776.5505,8671706.0,1748864652683d8e8cdc8f1MSMP_MARCH25FINAL.pdf,323854.48603620543
2025,Limestone,Karnataka,6816.0,45917.0,1748864652683d8e8cdc8f1MSMP_MARCH25FINAL.pdf,6736.649061032864
2025,Limestone,Chhattisgarh,20994.44,6505.0,1748864652683d8e8cdc8f1MSMP_MARCH25FINAL.pdf,309.8439396335411
2025,Limestone,Madhya Pradesh,236964.0,327680.0,1748864652683d8e8cdc8f1MSMP_MARCH25FINAL.pdf,1382.8260832869128
2025,Limestone,Rajasthan,1320818.58,11108422.0,1748864652683d8e8cdc8f1MSMP_MARCH25FINAL.pdf,8410.255706729988
2025,Limestone,Rajasthan,9353.01,13810.0,1748864652683d8e8cdc8f1MSMP_MARCH25FINAL.pdf,1476.5300154709553
2025,Limestone,Rajasthan,58047.0,33390.0,1748864652683d8e8cdc8f1MSMP_MARCH25FINAL.pdf,575.2235257636054
2025,Limestone,Maharashtra,771.0,2307.0,1748864652683d8e8cdc8f1MSMP_MARCH25FINAL.pdf,2992.217898832685
2025,Limestone,Gujarat,135697.0,0.0,1748864652683d8e8cdc8f1MSMP_MARCH25FINAL.pdf,0.0
2025,Limestone,Maharashtra,50577.29,0.0,1748864652683d8e8cdc8f1MSMP_MARCH25FINAL.pdf,0.0
2025,Limestone,Odisha,257338.0,0.0,1748864652683d8e8cdc8f1MSMP_MARCH25FINAL.pdf,0.0
2025,Limestone,Andhra Pradesh,1127.0,724.0,1748864652683d8e8cdc8f1MSMP_MARCH25FINAL.pdf,642.4134871339841
2025,Limestone,Rajasthan,637.0,156133.0,1748864652683d8e8cdc8f1MSMP_MARCH25FINAL.pdf,245106.7503924647
